2025.11.06 19:52:05 INFO  Started: Metals version 1.6.3 in folders 'D:\Desktop\AIN\WS 25_26\Software Engineering\Programme_Scala\Pokemon' for client Visual Studio Code 1.105.1.
Nov. 06, 2025 7:52:06 PM org.eclipse.lsp4j.jsonrpc.services.GenericEndpoint notify
INFORMATION: Unsupported notification method: $/setTrace
2025.11.06 19:52:06 WARN  Using H2 2.4.240 which is newer than the version Flyway has been verified with. The latest verified version of H2 is 2.3.232.
2025.11.06 19:52:06 INFO  Attempting to connect to the build server...
2025.11.06 19:52:06 INFO  Found a Bloop server running
2025.11.06 19:52:07 INFO  tracing is disabled for protocol BSP, to enable tracing of incoming and outgoing JSON messages create an empty file at D:\Desktop\AIN\WS 25_26\Software Engineering\Programme_Scala\Pokemon\.metals\bsp.trace.json or C:\Users\marco\AppData\Local\scalameta\metals\cache\bsp.trace.json
2025.11.06 19:52:07 INFO  Attempting to connect to the build server...
2025.11.06 19:52:07 INFO  Found a Bloop server running
2025.11.06 19:52:07 INFO  Attempting to connect to the build server...
2025.11.06 19:52:07 INFO  Found a Bloop server running
2025.11.06 19:52:07 INFO  tracing is disabled for protocol BSP, to enable tracing of incoming and outgoing JSON messages create an empty file at D:\Desktop\AIN\WS 25_26\Software Engineering\Programme_Scala\Pokemon\project\project\.metals\bsp.trace.json or C:\Users\marco\AppData\Local\scalameta\metals\cache\bsp.trace.json
2025.11.06 19:52:07 INFO  tracing is disabled for protocol BSP, to enable tracing of incoming and outgoing JSON messages create an empty file at D:\Desktop\AIN\WS 25_26\Software Engineering\Programme_Scala\Pokemon\project\.metals\bsp.trace.json or C:\Users\marco\AppData\Local\scalameta\metals\cache\bsp.trace.json
2025.11.06 19:52:07 INFO  time: Connected to build server in 0.66s
2025.11.06 19:52:07 INFO  Connected to Build server: Bloop v2.0.16
2025.11.06 19:52:08 ERROR Running process 'C:\Users\marco\AppData\Local\Programs\Eclipse Adoptium\jdk-25.0.1.8-hotspot\bin\java -version' failed
java.io.IOException: Cannot run program "C:\Users\marco\AppData\Local\Programs\Eclipse Adoptium\jdk-25.0.1.8-hotspot\bin\java" (in directory "C:\Users\marco\AppData\Local\Programs\Eclipse Adoptium\jdk-25.0.1.8-hotspot"): CreateProcess error=2, Das System kann die angegebene Datei nicht finden
	at java.lang.ProcessBuilder.start(ProcessBuilder.java:1170)
	at java.lang.ProcessBuilder.start(ProcessBuilder.java:1089)
	at scala.meta.internal.process.SystemProcess$.run(SystemProcess.scala:48)
	at scala.meta.internal.builds.ShellRunner$.runSync(ShellRunner.scala:153)
	at scala.meta.internal.metals.JdkVersion$.fromShell(JavaInteractiveSemanticdb.scala:238)
	at scala.meta.internal.metals.JdkVersion$.$anonfun$maybeJdkVersionFromJavaHome$3(JavaInteractiveSemanticdb.scala:229)
	at scala.Option.orElse(Option.scala:477)
	at scala.meta.internal.metals.JdkVersion$.$anonfun$maybeJdkVersionFromJavaHome$2(JavaInteractiveSemanticdb.scala:229)
	at scala.Option.flatMap(Option.scala:283)
	at scala.meta.internal.metals.JdkVersion$.maybeJdkVersionFromJavaHome(JavaInteractiveSemanticdb.scala:227)
	at scala.meta.internal.metals.ProjectMetalsLspService.$anonfun$getProjectsJavaInfo$5(ProjectMetalsLspService.scala:545)
	at scala.Option.orElse(Option.scala:477)
	at scala.meta.internal.metals.ProjectMetalsLspService.$anonfun$getProjectsJavaInfo$3(ProjectMetalsLspService.scala:545)
	at scala.Option.flatMap(Option.scala:283)
	at scala.meta.internal.metals.ProjectMetalsLspService.$anonfun$getProjectsJavaInfo$1(ProjectMetalsLspService.scala:542)
	at scala.Option.flatMap(Option.scala:283)
	at scala.meta.internal.metals.ProjectMetalsLspService.getProjectsJavaInfo(ProjectMetalsLspService.scala:541)
	at scala.meta.internal.metals.ProjectMetalsLspService.$anonfun$projectInfo$3(ProjectMetalsLspService.scala:535)
	at scala.meta.internal.metals.doctor.MetalsServiceInfo$ProjectService.getJavaInfo(Doctor.scala:781)
	at scala.meta.internal.metals.doctor.Doctor.$anonfun$problemResolver$3(Doctor.scala:82)
	at scala.meta.internal.metals.doctor.ProblemResolver.javaSourcesProblem$1(ProblemResolver.scala:240)
	at scala.meta.internal.metals.doctor.ProblemResolver.$anonfun$findProblem$6(ProblemResolver.scala:308)
	at scala.Option.orElse(Option.scala:477)
	at scala.meta.internal.metals.doctor.ProblemResolver.findProblem(ProblemResolver.scala:308)
	at scala.meta.internal.metals.doctor.ProblemResolver.$anonfun$problemMessage$1(ProblemResolver.scala:67)
	at scala.collection.immutable.List.flatMap(List.scala:283)
	at scala.meta.internal.metals.doctor.ProblemResolver.problemMessage(ProblemResolver.scala:66)
	at scala.meta.internal.metals.doctor.Doctor.check(Doctor.scala:113)
	at scala.meta.internal.metals.MetalsLspService.check(MetalsLspService.scala:1645)
	at scala.meta.internal.metals.ProjectMetalsLspService.check(ProjectMetalsLspService.scala:834)
	at scala.meta.internal.metals.ProjectMetalsLspService.$anonfun$connectionProvider$1(ProjectMetalsLspService.scala:188)
	at scala.meta.internal.metals.Indexer.$anonfun$indexWorkspace$11(Indexer.scala:151)
	at scala.runtime.java8.JFunction0$mcV$sp.apply(JFunction0$mcV$sp.scala:18)
	at scala.meta.internal.metals.TimerProvider.timedThunk(TimerProvider.scala:25)
	at scala.meta.internal.metals.Indexer.indexWorkspace(Indexer.scala:151)
	at scala.meta.internal.metals.Indexer.$anonfun$profiledIndexWorkspace$2(Indexer.scala:58)
	at scala.runtime.java8.JFunction0$mcV$sp.apply(JFunction0$mcV$sp.scala:18)
	at scala.meta.internal.metals.TimerProvider.timedThunk(TimerProvider.scala:25)
	at scala.meta.internal.metals.Indexer.$anonfun$profiledIndexWorkspace$1(Indexer.scala:58)
	at scala.runtime.java8.JFunction0$mcV$sp.apply(JFunction0$mcV$sp.scala:18)
	at scala.concurrent.Future$.$anonfun$apply$1(Future.scala:691)
	at scala.concurrent.impl.Promise$Transformation.run(Promise.scala:500)
	at java.util.concurrent.ThreadPoolExecutor.runWorker(ThreadPoolExecutor.java:1144)
	at java.util.concurrent.ThreadPoolExecutor$Worker.run(ThreadPoolExecutor.java:642)
	at java.lang.Thread.run(Thread.java:1583)
Caused by: java.io.IOException: CreateProcess error=2, Das System kann die angegebene Datei nicht finden
	at java.lang.ProcessImpl.create(Native Method)
	at java.lang.ProcessImpl.<init>(ProcessImpl.java:506)
	at java.lang.ProcessImpl.start(ProcessImpl.java:159)
	at java.lang.ProcessBuilder.start(ProcessBuilder.java:1126)
	at java.lang.ProcessBuilder.start(ProcessBuilder.java:1089)
	at scala.meta.internal.process.SystemProcess$.run(SystemProcess.scala:48)
	at scala.meta.internal.builds.ShellRunner$.runSync(ShellRunner.scala:153)
	at scala.meta.internal.metals.JdkVersion$.fromShell(JavaInteractiveSemanticdb.scala:238)
	at scala.meta.internal.metals.JdkVersion$.$anonfun$maybeJdkVersionFromJavaHome$3(JavaInteractiveSemanticdb.scala:229)
	at scala.Option.orElse(Option.scala:477)
	at scala.meta.internal.metals.JdkVersion$.$anonfun$maybeJdkVersionFromJavaHome$2(JavaInteractiveSemanticdb.scala:229)
	at scala.Option.flatMap(Option.scala:283)
	at scala.meta.internal.metals.JdkVersion$.maybeJdkVersionFromJavaHome(JavaInteractiveSemanticdb.scala:227)
	at scala.meta.internal.metals.ProjectMetalsLspService.$anonfun$getProjectsJavaInfo$5(ProjectMetalsLspService.scala:545)
	at scala.Option.orElse(Option.scala:477)
	at scala.meta.internal.metals.ProjectMetalsLspService.$anonfun$getProjectsJavaInfo$3(ProjectMetalsLspService.scala:545)
	at scala.Option.flatMap(Option.scala:283)
	at scala.meta.internal.metals.ProjectMetalsLspService.$anonfun$getProjectsJavaInfo$1(ProjectMetalsLspService.scala:542)
	at scala.Option.flatMap(Option.scala:283)
	at scala.meta.internal.metals.ProjectMetalsLspService.getProjectsJavaInfo(ProjectMetalsLspService.scala:541)
	at scala.meta.internal.metals.ProjectMetalsLspService.$anonfun$projectInfo$3(ProjectMetalsLspService.scala:535)
	at scala.meta.internal.metals.doctor.MetalsServiceInfo$ProjectService.getJavaInfo(Doctor.scala:781)
	at scala.meta.internal.metals.doctor.Doctor.$anonfun$problemResolver$3(Doctor.scala:82)
	at scala.meta.internal.metals.doctor.ProblemResolver.javaSourcesProblem$1(ProblemResolver.scala:240)
	at scala.meta.internal.metals.doctor.ProblemResolver.$anonfun$findProblem$6(ProblemResolver.scala:308)
	at scala.Option.orElse(Option.scala:477)
	at scala.meta.internal.metals.doctor.ProblemResolver.findProblem(ProblemResolver.scala:308)
	at scala.meta.internal.metals.doctor.ProblemResolver.$anonfun$problemMessage$1(ProblemResolver.scala:67)
	at scala.collection.immutable.List.flatMap(List.scala:283)
	at scala.meta.internal.metals.doctor.ProblemResolver.problemMessage(ProblemResolver.scala:66)
	at scala.meta.internal.metals.doctor.Doctor.check(Doctor.scala:113)
	at scala.meta.internal.metals.MetalsLspService.check(MetalsLspService.scala:1645)
	at scala.meta.internal.metals.ProjectMetalsLspService.check(ProjectMetalsLspService.scala:834)
	at scala.meta.internal.metals.ProjectMetalsLspService.$anonfun$connectionProvider$1(ProjectMetalsLspService.scala:188)
	at scala.meta.internal.metals.Indexer.$anonfun$indexWorkspace$11(Indexer.scala:151)
	at scala.runtime.java8.JFunction0$mcV$sp.apply(JFunction0$mcV$sp.scala:18)
	at scala.meta.internal.metals.TimerProvider.timedThunk(TimerProvider.scala:25)
	at scala.meta.internal.metals.Indexer.indexWorkspace(Indexer.scala:151)
	at scala.meta.internal.metals.Indexer.$anonfun$profiledIndexWorkspace$2(Indexer.scala:58)
	at scala.runtime.java8.JFunction0$mcV$sp.apply(JFunction0$mcV$sp.scala:18)
	at scala.meta.internal.metals.TimerProvider.timedThunk(TimerProvider.scala:25)
	at scala.meta.internal.metals.Indexer.$anonfun$profiledIndexWorkspace$1(Indexer.scala:58)
	at scala.runtime.java8.JFunction0$mcV$sp.apply(JFunction0$mcV$sp.scala:18)
	at scala.concurrent.Future$.$anonfun$apply$1(Future.scala:691)
	at scala.concurrent.impl.Promise$Transformation.run(Promise.scala:500)
	at java.util.concurrent.ThreadPoolExecutor.runWorker(ThreadPoolExecutor.java:1144)
	at java.util.concurrent.ThreadPoolExecutor$Worker.run(ThreadPoolExecutor.java:642)
	at java.lang.Thread.run(Thread.java:1583)

2025.11.06 19:52:08 ERROR Running process 'C:\Users\marco\AppData\Local\Programs\Eclipse Adoptium\jdk-25.0.1.8-hotspot\bin\java -version' failed
java.io.IOException: Cannot run program "C:\Users\marco\AppData\Local\Programs\Eclipse Adoptium\jdk-25.0.1.8-hotspot\bin\java" (in directory "C:\Users\marco\AppData\Local\Programs\Eclipse Adoptium\jdk-25.0.1.8-hotspot"): CreateProcess error=2, Das System kann die angegebene Datei nicht finden
	at java.lang.ProcessBuilder.start(ProcessBuilder.java:1170)
	at java.lang.ProcessBuilder.start(ProcessBuilder.java:1089)
	at scala.meta.internal.process.SystemProcess$.run(SystemProcess.scala:48)
	at scala.meta.internal.builds.ShellRunner$.runSync(ShellRunner.scala:153)
	at scala.meta.internal.metals.JdkVersion$.fromShell(JavaInteractiveSemanticdb.scala:238)
	at scala.meta.internal.metals.JdkVersion$.$anonfun$maybeJdkVersionFromJavaHome$3(JavaInteractiveSemanticdb.scala:229)
	at scala.Option.orElse(Option.scala:477)
	at scala.meta.internal.metals.JdkVersion$.$anonfun$maybeJdkVersionFromJavaHome$2(JavaInteractiveSemanticdb.scala:229)
	at scala.Option.flatMap(Option.scala:283)
	at scala.meta.internal.metals.JdkVersion$.maybeJdkVersionFromJavaHome(JavaInteractiveSemanticdb.scala:227)
	at scala.meta.internal.metals.ProjectMetalsLspService.$anonfun$getProjectsJavaInfo$5(ProjectMetalsLspService.scala:545)
	at scala.Option.orElse(Option.scala:477)
	at scala.meta.internal.metals.ProjectMetalsLspService.$anonfun$getProjectsJavaInfo$3(ProjectMetalsLspService.scala:545)
	at scala.Option.flatMap(Option.scala:283)
	at scala.meta.internal.metals.ProjectMetalsLspService.$anonfun$getProjectsJavaInfo$1(ProjectMetalsLspService.scala:542)
	at scala.Option.flatMap(Option.scala:283)
	at scala.meta.internal.metals.ProjectMetalsLspService.getProjectsJavaInfo(ProjectMetalsLspService.scala:541)
	at scala.meta.internal.metals.ProjectMetalsLspService.$anonfun$projectInfo$3(ProjectMetalsLspService.scala:535)
	at scala.meta.internal.metals.doctor.MetalsServiceInfo$ProjectService.getJavaInfo(Doctor.scala:781)
	at scala.meta.internal.metals.doctor.Doctor.$anonfun$problemResolver$3(Doctor.scala:82)
	at scala.meta.internal.metals.doctor.ProblemResolver.javaSourcesProblem$1(ProblemResolver.scala:240)
	at scala.meta.internal.metals.doctor.ProblemResolver.$anonfun$findProblem$6(ProblemResolver.scala:308)
	at scala.Option.orElse(Option.scala:477)
	at scala.meta.internal.metals.doctor.ProblemResolver.findProblem(ProblemResolver.scala:308)
	at scala.meta.internal.metals.doctor.ProblemResolver.$anonfun$problemMessage$1(ProblemResolver.scala:67)
	at scala.collection.immutable.List.flatMap(List.scala:283)
	at scala.meta.internal.metals.doctor.ProblemResolver.problemMessage(ProblemResolver.scala:66)
	at scala.meta.internal.metals.doctor.Doctor.check(Doctor.scala:113)
	at scala.meta.internal.metals.MetalsLspService.check(MetalsLspService.scala:1645)
	at scala.meta.internal.metals.ProjectMetalsLspService.check(ProjectMetalsLspService.scala:834)
	at scala.meta.internal.metals.ProjectMetalsLspService.$anonfun$connectionProvider$1(ProjectMetalsLspService.scala:188)
	at scala.meta.internal.metals.Indexer.$anonfun$indexWorkspace$11(Indexer.scala:151)
	at scala.runtime.java8.JFunction0$mcV$sp.apply(JFunction0$mcV$sp.scala:18)
	at scala.meta.internal.metals.TimerProvider.timedThunk(TimerProvider.scala:25)
	at scala.meta.internal.metals.Indexer.indexWorkspace(Indexer.scala:151)
	at scala.meta.internal.metals.Indexer.$anonfun$profiledIndexWorkspace$2(Indexer.scala:58)
	at scala.runtime.java8.JFunction0$mcV$sp.apply(JFunction0$mcV$sp.scala:18)
	at scala.meta.internal.metals.TimerProvider.timedThunk(TimerProvider.scala:25)
	at scala.meta.internal.metals.Indexer.$anonfun$profiledIndexWorkspace$1(Indexer.scala:58)
	at scala.runtime.java8.JFunction0$mcV$sp.apply(JFunction0$mcV$sp.scala:18)
	at scala.concurrent.Future$.$anonfun$apply$1(Future.scala:691)
	at scala.concurrent.impl.Promise$Transformation.run(Promise.scala:500)
	at java.util.concurrent.ThreadPoolExecutor.runWorker(ThreadPoolExecutor.java:1144)
	at java.util.concurrent.ThreadPoolExecutor$Worker.run(ThreadPoolExecutor.java:642)
	at java.lang.Thread.run(Thread.java:1583)
Caused by: java.io.IOException: CreateProcess error=2, Das System kann die angegebene Datei nicht finden
	at java.lang.ProcessImpl.create(Native Method)
	at java.lang.ProcessImpl.<init>(ProcessImpl.java:506)
	at java.lang.ProcessImpl.start(ProcessImpl.java:159)
	at java.lang.ProcessBuilder.start(ProcessBuilder.java:1126)
	at java.lang.ProcessBuilder.start(ProcessBuilder.java:1089)
	at scala.meta.internal.process.SystemProcess$.run(SystemProcess.scala:48)
	at scala.meta.internal.builds.ShellRunner$.runSync(ShellRunner.scala:153)
	at scala.meta.internal.metals.JdkVersion$.fromShell(JavaInteractiveSemanticdb.scala:238)
	at scala.meta.internal.metals.JdkVersion$.$anonfun$maybeJdkVersionFromJavaHome$3(JavaInteractiveSemanticdb.scala:229)
	at scala.Option.orElse(Option.scala:477)
	at scala.meta.internal.metals.JdkVersion$.$anonfun$maybeJdkVersionFromJavaHome$2(JavaInteractiveSemanticdb.scala:229)
	at scala.Option.flatMap(Option.scala:283)
	at scala.meta.internal.metals.JdkVersion$.maybeJdkVersionFromJavaHome(JavaInteractiveSemanticdb.scala:227)
	at scala.meta.internal.metals.ProjectMetalsLspService.$anonfun$getProjectsJavaInfo$5(ProjectMetalsLspService.scala:545)
	at scala.Option.orElse(Option.scala:477)
	at scala.meta.internal.metals.ProjectMetalsLspService.$anonfun$getProjectsJavaInfo$3(ProjectMetalsLspService.scala:545)
	at scala.Option.flatMap(Option.scala:283)
	at scala.meta.internal.metals.ProjectMetalsLspService.$anonfun$getProjectsJavaInfo$1(ProjectMetalsLspService.scala:542)
	at scala.Option.flatMap(Option.scala:283)
	at scala.meta.internal.metals.ProjectMetalsLspService.getProjectsJavaInfo(ProjectMetalsLspService.scala:541)
	at scala.meta.internal.metals.ProjectMetalsLspService.$anonfun$projectInfo$3(ProjectMetalsLspService.scala:535)
	at scala.meta.internal.metals.doctor.MetalsServiceInfo$ProjectService.getJavaInfo(Doctor.scala:781)
	at scala.meta.internal.metals.doctor.Doctor.$anonfun$problemResolver$3(Doctor.scala:82)
	at scala.meta.internal.metals.doctor.ProblemResolver.javaSourcesProblem$1(ProblemResolver.scala:240)
	at scala.meta.internal.metals.doctor.ProblemResolver.$anonfun$findProblem$6(ProblemResolver.scala:308)
	at scala.Option.orElse(Option.scala:477)
	at scala.meta.internal.metals.doctor.ProblemResolver.findProblem(ProblemResolver.scala:308)
	at scala.meta.internal.metals.doctor.ProblemResolver.$anonfun$problemMessage$1(ProblemResolver.scala:67)
	at scala.collection.immutable.List.flatMap(List.scala:283)
	at scala.meta.internal.metals.doctor.ProblemResolver.problemMessage(ProblemResolver.scala:66)
	at scala.meta.internal.metals.doctor.Doctor.check(Doctor.scala:113)
	at scala.meta.internal.metals.MetalsLspService.check(MetalsLspService.scala:1645)
	at scala.meta.internal.metals.ProjectMetalsLspService.check(ProjectMetalsLspService.scala:834)
	at scala.meta.internal.metals.ProjectMetalsLspService.$anonfun$connectionProvider$1(ProjectMetalsLspService.scala:188)
	at scala.meta.internal.metals.Indexer.$anonfun$indexWorkspace$11(Indexer.scala:151)
	at scala.runtime.java8.JFunction0$mcV$sp.apply(JFunction0$mcV$sp.scala:18)
	at scala.meta.internal.metals.TimerProvider.timedThunk(TimerProvider.scala:25)
	at scala.meta.internal.metals.Indexer.indexWorkspace(Indexer.scala:151)
	at scala.meta.internal.metals.Indexer.$anonfun$profiledIndexWorkspace$2(Indexer.scala:58)
	at scala.runtime.java8.JFunction0$mcV$sp.apply(JFunction0$mcV$sp.scala:18)
	at scala.meta.internal.metals.TimerProvider.timedThunk(TimerProvider.scala:25)
	at scala.meta.internal.metals.Indexer.$anonfun$profiledIndexWorkspace$1(Indexer.scala:58)
	at scala.runtime.java8.JFunction0$mcV$sp.apply(JFunction0$mcV$sp.scala:18)
	at scala.concurrent.Future$.$anonfun$apply$1(Future.scala:691)
	at scala.concurrent.impl.Promise$Transformation.run(Promise.scala:500)
	at java.util.concurrent.ThreadPoolExecutor.runWorker(ThreadPoolExecutor.java:1144)
	at java.util.concurrent.ThreadPoolExecutor$Worker.run(ThreadPoolExecutor.java:642)
	at java.lang.Thread.run(Thread.java:1583)

2025.11.06 19:52:08 ERROR Running process 'C:\Users\marco\AppData\Local\Programs\Eclipse Adoptium\jdk-25.0.1.8-hotspot\bin\java -version' failed
java.io.IOException: Cannot run program "C:\Users\marco\AppData\Local\Programs\Eclipse Adoptium\jdk-25.0.1.8-hotspot\bin\java" (in directory "C:\Users\marco\AppData\Local\Programs\Eclipse Adoptium\jdk-25.0.1.8-hotspot"): CreateProcess error=2, Das System kann die angegebene Datei nicht finden
	at java.lang.ProcessBuilder.start(ProcessBuilder.java:1170)
	at java.lang.ProcessBuilder.start(ProcessBuilder.java:1089)
	at scala.meta.internal.process.SystemProcess$.run(SystemProcess.scala:48)
	at scala.meta.internal.builds.ShellRunner$.runSync(ShellRunner.scala:153)
	at scala.meta.internal.metals.JdkVersion$.fromShell(JavaInteractiveSemanticdb.scala:238)
	at scala.meta.internal.metals.JdkVersion$.$anonfun$maybeJdkVersionFromJavaHome$3(JavaInteractiveSemanticdb.scala:229)
	at scala.Option.orElse(Option.scala:477)
	at scala.meta.internal.metals.JdkVersion$.$anonfun$maybeJdkVersionFromJavaHome$2(JavaInteractiveSemanticdb.scala:229)
	at scala.Option.flatMap(Option.scala:283)
	at scala.meta.internal.metals.JdkVersion$.maybeJdkVersionFromJavaHome(JavaInteractiveSemanticdb.scala:227)
	at scala.meta.internal.metals.ProjectMetalsLspService.$anonfun$getProjectsJavaInfo$5(ProjectMetalsLspService.scala:545)
	at scala.Option.orElse(Option.scala:477)
	at scala.meta.internal.metals.ProjectMetalsLspService.$anonfun$getProjectsJavaInfo$3(ProjectMetalsLspService.scala:545)
	at scala.Option.flatMap(Option.scala:283)
	at scala.meta.internal.metals.ProjectMetalsLspService.$anonfun$getProjectsJavaInfo$1(ProjectMetalsLspService.scala:542)
	at scala.Option.flatMap(Option.scala:283)
	at scala.meta.internal.metals.ProjectMetalsLspService.getProjectsJavaInfo(ProjectMetalsLspService.scala:541)
	at scala.meta.internal.metals.ProjectMetalsLspService.$anonfun$projectInfo$3(ProjectMetalsLspService.scala:535)
	at scala.meta.internal.metals.doctor.MetalsServiceInfo$ProjectService.getJavaInfo(Doctor.scala:781)
	at scala.meta.internal.metals.doctor.Doctor.$anonfun$problemResolver$3(Doctor.scala:82)
	at scala.meta.internal.metals.doctor.ProblemResolver.javaSourcesProblem$1(ProblemResolver.scala:240)
	at scala.meta.internal.metals.doctor.ProblemResolver.$anonfun$findProblem$6(ProblemResolver.scala:308)
	at scala.Option.orElse(Option.scala:477)
	at scala.meta.internal.metals.doctor.ProblemResolver.findProblem(ProblemResolver.scala:308)
	at scala.meta.internal.metals.doctor.ProblemResolver.$anonfun$problemMessage$1(ProblemResolver.scala:67)
	at scala.collection.immutable.List.flatMap(List.scala:283)
	at scala.meta.internal.metals.doctor.ProblemResolver.problemMessage(ProblemResolver.scala:66)
	at scala.meta.internal.metals.doctor.Doctor.check(Doctor.scala:113)
	at scala.meta.internal.metals.MetalsLspService.check(MetalsLspService.scala:1645)
	at scala.meta.internal.metals.ProjectMetalsLspService.check(ProjectMetalsLspService.scala:834)
	at scala.meta.internal.metals.ProjectMetalsLspService.$anonfun$connectionProvider$1(ProjectMetalsLspService.scala:188)
	at scala.meta.internal.metals.Indexer.$anonfun$indexWorkspace$11(Indexer.scala:151)
	at scala.runtime.java8.JFunction0$mcV$sp.apply(JFunction0$mcV$sp.scala:18)
	at scala.meta.internal.metals.TimerProvider.timedThunk(TimerProvider.scala:25)
	at scala.meta.internal.metals.Indexer.indexWorkspace(Indexer.scala:151)
	at scala.meta.internal.metals.Indexer.$anonfun$profiledIndexWorkspace$2(Indexer.scala:58)
	at scala.runtime.java8.JFunction0$mcV$sp.apply(JFunction0$mcV$sp.scala:18)
	at scala.meta.internal.metals.TimerProvider.timedThunk(TimerProvider.scala:25)
	at scala.meta.internal.metals.Indexer.$anonfun$profiledIndexWorkspace$1(Indexer.scala:58)
	at scala.runtime.java8.JFunction0$mcV$sp.apply(JFunction0$mcV$sp.scala:18)
	at scala.concurrent.Future$.$anonfun$apply$1(Future.scala:691)
	at scala.concurrent.impl.Promise$Transformation.run(Promise.scala:500)
	at java.util.concurrent.ThreadPoolExecutor.runWorker(ThreadPoolExecutor.java:1144)
	at java.util.concurrent.ThreadPoolExecutor$Worker.run(ThreadPoolExecutor.java:642)
	at java.lang.Thread.run(Thread.java:1583)
Caused by: java.io.IOException: CreateProcess error=2, Das System kann die angegebene Datei nicht finden
	at java.lang.ProcessImpl.create(Native Method)
	at java.lang.ProcessImpl.<init>(ProcessImpl.java:506)
	at java.lang.ProcessImpl.start(ProcessImpl.java:159)
	at java.lang.ProcessBuilder.start(ProcessBuilder.java:1126)
	at java.lang.ProcessBuilder.start(ProcessBuilder.java:1089)
	at scala.meta.internal.process.SystemProcess$.run(SystemProcess.scala:48)
	at scala.meta.internal.builds.ShellRunner$.runSync(ShellRunner.scala:153)
	at scala.meta.internal.metals.JdkVersion$.fromShell(JavaInteractiveSemanticdb.scala:238)
	at scala.meta.internal.metals.JdkVersion$.$anonfun$maybeJdkVersionFromJavaHome$3(JavaInteractiveSemanticdb.scala:229)
	at scala.Option.orElse(Option.scala:477)
	at scala.meta.internal.metals.JdkVersion$.$anonfun$maybeJdkVersionFromJavaHome$2(JavaInteractiveSemanticdb.scala:229)
	at scala.Option.flatMap(Option.scala:283)
	at scala.meta.internal.metals.JdkVersion$.maybeJdkVersionFromJavaHome(JavaInteractiveSemanticdb.scala:227)
	at scala.meta.internal.metals.ProjectMetalsLspService.$anonfun$getProjectsJavaInfo$5(ProjectMetalsLspService.scala:545)
	at scala.Option.orElse(Option.scala:477)
	at scala.meta.internal.metals.ProjectMetalsLspService.$anonfun$getProjectsJavaInfo$3(ProjectMetalsLspService.scala:545)
	at scala.Option.flatMap(Option.scala:283)
	at scala.meta.internal.metals.ProjectMetalsLspService.$anonfun$getProjectsJavaInfo$1(ProjectMetalsLspService.scala:542)
	at scala.Option.flatMap(Option.scala:283)
	at scala.meta.internal.metals.ProjectMetalsLspService.getProjectsJavaInfo(ProjectMetalsLspService.scala:541)
	at scala.meta.internal.metals.ProjectMetalsLspService.$anonfun$projectInfo$3(ProjectMetalsLspService.scala:535)
	at scala.meta.internal.metals.doctor.MetalsServiceInfo$ProjectService.getJavaInfo(Doctor.scala:781)
	at scala.meta.internal.metals.doctor.Doctor.$anonfun$problemResolver$3(Doctor.scala:82)
	at scala.meta.internal.metals.doctor.ProblemResolver.javaSourcesProblem$1(ProblemResolver.scala:240)
	at scala.meta.internal.metals.doctor.ProblemResolver.$anonfun$findProblem$6(ProblemResolver.scala:308)
	at scala.Option.orElse(Option.scala:477)
	at scala.meta.internal.metals.doctor.ProblemResolver.findProblem(ProblemResolver.scala:308)
	at scala.meta.internal.metals.doctor.ProblemResolver.$anonfun$problemMessage$1(ProblemResolver.scala:67)
	at scala.collection.immutable.List.flatMap(List.scala:283)
	at scala.meta.internal.metals.doctor.ProblemResolver.problemMessage(ProblemResolver.scala:66)
	at scala.meta.internal.metals.doctor.Doctor.check(Doctor.scala:113)
	at scala.meta.internal.metals.MetalsLspService.check(MetalsLspService.scala:1645)
	at scala.meta.internal.metals.ProjectMetalsLspService.check(ProjectMetalsLspService.scala:834)
	at scala.meta.internal.metals.ProjectMetalsLspService.$anonfun$connectionProvider$1(ProjectMetalsLspService.scala:188)
	at scala.meta.internal.metals.Indexer.$anonfun$indexWorkspace$11(Indexer.scala:151)
	at scala.runtime.java8.JFunction0$mcV$sp.apply(JFunction0$mcV$sp.scala:18)
	at scala.meta.internal.metals.TimerProvider.timedThunk(TimerProvider.scala:25)
	at scala.meta.internal.metals.Indexer.indexWorkspace(Indexer.scala:151)
	at scala.meta.internal.metals.Indexer.$anonfun$profiledIndexWorkspace$2(Indexer.scala:58)
	at scala.runtime.java8.JFunction0$mcV$sp.apply(JFunction0$mcV$sp.scala:18)
	at scala.meta.internal.metals.TimerProvider.timedThunk(TimerProvider.scala:25)
	at scala.meta.internal.metals.Indexer.$anonfun$profiledIndexWorkspace$1(Indexer.scala:58)
	at scala.runtime.java8.JFunction0$mcV$sp.apply(JFunction0$mcV$sp.scala:18)
	at scala.concurrent.Future$.$anonfun$apply$1(Future.scala:691)
	at scala.concurrent.impl.Promise$Transformation.run(Promise.scala:500)
	at java.util.concurrent.ThreadPoolExecutor.runWorker(ThreadPoolExecutor.java:1144)
	at java.util.concurrent.ThreadPoolExecutor$Worker.run(ThreadPoolExecutor.java:642)
	at java.lang.Thread.run(Thread.java:1583)

2025.11.06 19:52:08 ERROR Running process 'C:\Users\marco\AppData\Local\Programs\Eclipse Adoptium\jdk-25.0.1.8-hotspot\bin\java -version' failed
java.io.IOException: Cannot run program "C:\Users\marco\AppData\Local\Programs\Eclipse Adoptium\jdk-25.0.1.8-hotspot\bin\java" (in directory "C:\Users\marco\AppData\Local\Programs\Eclipse Adoptium\jdk-25.0.1.8-hotspot"): CreateProcess error=2, Das System kann die angegebene Datei nicht finden
	at java.lang.ProcessBuilder.start(ProcessBuilder.java:1170)
	at java.lang.ProcessBuilder.start(ProcessBuilder.java:1089)
	at scala.meta.internal.process.SystemProcess$.run(SystemProcess.scala:48)
	at scala.meta.internal.builds.ShellRunner$.runSync(ShellRunner.scala:153)
	at scala.meta.internal.metals.JdkVersion$.fromShell(JavaInteractiveSemanticdb.scala:238)
	at scala.meta.internal.metals.JdkVersion$.$anonfun$maybeJdkVersionFromJavaHome$3(JavaInteractiveSemanticdb.scala:229)
	at scala.Option.orElse(Option.scala:477)
	at scala.meta.internal.metals.JdkVersion$.$anonfun$maybeJdkVersionFromJavaHome$2(JavaInteractiveSemanticdb.scala:229)
	at scala.Option.flatMap(Option.scala:283)
	at scala.meta.internal.metals.JdkVersion$.maybeJdkVersionFromJavaHome(JavaInteractiveSemanticdb.scala:227)
	at scala.meta.internal.metals.ProjectMetalsLspService.$anonfun$getProjectsJavaInfo$5(ProjectMetalsLspService.scala:545)
	at scala.Option.orElse(Option.scala:477)
	at scala.meta.internal.metals.ProjectMetalsLspService.$anonfun$getProjectsJavaInfo$3(ProjectMetalsLspService.scala:545)
	at scala.Option.flatMap(Option.scala:283)
	at scala.meta.internal.metals.ProjectMetalsLspService.$anonfun$getProjectsJavaInfo$1(ProjectMetalsLspService.scala:542)
	at scala.Option.flatMap(Option.scala:283)
	at scala.meta.internal.metals.ProjectMetalsLspService.getProjectsJavaInfo(ProjectMetalsLspService.scala:541)
	at scala.meta.internal.metals.ProjectMetalsLspService.$anonfun$projectInfo$3(ProjectMetalsLspService.scala:535)
	at scala.meta.internal.metals.doctor.MetalsServiceInfo$ProjectService.getJavaInfo(Doctor.scala:781)
	at scala.meta.internal.metals.doctor.Doctor.$anonfun$problemResolver$3(Doctor.scala:82)
	at scala.meta.internal.metals.doctor.ProblemResolver.javaSourcesProblem$1(ProblemResolver.scala:240)
	at scala.meta.internal.metals.doctor.ProblemResolver.$anonfun$findProblem$6(ProblemResolver.scala:308)
	at scala.Option.orElse(Option.scala:477)
	at scala.meta.internal.metals.doctor.ProblemResolver.findProblem(ProblemResolver.scala:308)
	at scala.meta.internal.metals.doctor.ProblemResolver.$anonfun$problemMessage$1(ProblemResolver.scala:67)
	at scala.collection.immutable.List.flatMap(List.scala:283)
	at scala.meta.internal.metals.doctor.ProblemResolver.problemMessage(ProblemResolver.scala:66)
	at scala.meta.internal.metals.doctor.Doctor.check(Doctor.scala:113)
	at scala.meta.internal.metals.MetalsLspService.check(MetalsLspService.scala:1645)
	at scala.meta.internal.metals.ProjectMetalsLspService.check(ProjectMetalsLspService.scala:834)
	at scala.meta.internal.metals.ProjectMetalsLspService.$anonfun$connectionProvider$1(ProjectMetalsLspService.scala:188)
	at scala.meta.internal.metals.Indexer.$anonfun$indexWorkspace$11(Indexer.scala:151)
	at scala.runtime.java8.JFunction0$mcV$sp.apply(JFunction0$mcV$sp.scala:18)
	at scala.meta.internal.metals.TimerProvider.timedThunk(TimerProvider.scala:25)
	at scala.meta.internal.metals.Indexer.indexWorkspace(Indexer.scala:151)
	at scala.meta.internal.metals.Indexer.$anonfun$profiledIndexWorkspace$2(Indexer.scala:58)
	at scala.runtime.java8.JFunction0$mcV$sp.apply(JFunction0$mcV$sp.scala:18)
	at scala.meta.internal.metals.TimerProvider.timedThunk(TimerProvider.scala:25)
	at scala.meta.internal.metals.Indexer.$anonfun$profiledIndexWorkspace$1(Indexer.scala:58)
	at scala.runtime.java8.JFunction0$mcV$sp.apply(JFunction0$mcV$sp.scala:18)
	at scala.concurrent.Future$.$anonfun$apply$1(Future.scala:691)
	at scala.concurrent.impl.Promise$Transformation.run(Promise.scala:500)
	at java.util.concurrent.ThreadPoolExecutor.runWorker(ThreadPoolExecutor.java:1144)
	at java.util.concurrent.ThreadPoolExecutor$Worker.run(ThreadPoolExecutor.java:642)
	at java.lang.Thread.run(Thread.java:1583)
Caused by: java.io.IOException: CreateProcess error=2, Das System kann die angegebene Datei nicht finden
	at java.lang.ProcessImpl.create(Native Method)
	at java.lang.ProcessImpl.<init>(ProcessImpl.java:506)
	at java.lang.ProcessImpl.start(ProcessImpl.java:159)
	at java.lang.ProcessBuilder.start(ProcessBuilder.java:1126)
	at java.lang.ProcessBuilder.start(ProcessBuilder.java:1089)
	at scala.meta.internal.process.SystemProcess$.run(SystemProcess.scala:48)
	at scala.meta.internal.builds.ShellRunner$.runSync(ShellRunner.scala:153)
	at scala.meta.internal.metals.JdkVersion$.fromShell(JavaInteractiveSemanticdb.scala:238)
	at scala.meta.internal.metals.JdkVersion$.$anonfun$maybeJdkVersionFromJavaHome$3(JavaInteractiveSemanticdb.scala:229)
	at scala.Option.orElse(Option.scala:477)
	at scala.meta.internal.metals.JdkVersion$.$anonfun$maybeJdkVersionFromJavaHome$2(JavaInteractiveSemanticdb.scala:229)
	at scala.Option.flatMap(Option.scala:283)
	at scala.meta.internal.metals.JdkVersion$.maybeJdkVersionFromJavaHome(JavaInteractiveSemanticdb.scala:227)
	at scala.meta.internal.metals.ProjectMetalsLspService.$anonfun$getProjectsJavaInfo$5(ProjectMetalsLspService.scala:545)
	at scala.Option.orElse(Option.scala:477)
	at scala.meta.internal.metals.ProjectMetalsLspService.$anonfun$getProjectsJavaInfo$3(ProjectMetalsLspService.scala:545)
	at scala.Option.flatMap(Option.scala:283)
	at scala.meta.internal.metals.ProjectMetalsLspService.$anonfun$getProjectsJavaInfo$1(ProjectMetalsLspService.scala:542)
	at scala.Option.flatMap(Option.scala:283)
	at scala.meta.internal.metals.ProjectMetalsLspService.getProjectsJavaInfo(ProjectMetalsLspService.scala:541)
	at scala.meta.internal.metals.ProjectMetalsLspService.$anonfun$projectInfo$3(ProjectMetalsLspService.scala:535)
	at scala.meta.internal.metals.doctor.MetalsServiceInfo$ProjectService.getJavaInfo(Doctor.scala:781)
	at scala.meta.internal.metals.doctor.Doctor.$anonfun$problemResolver$3(Doctor.scala:82)
	at scala.meta.internal.metals.doctor.ProblemResolver.javaSourcesProblem$1(ProblemResolver.scala:240)
	at scala.meta.internal.metals.doctor.ProblemResolver.$anonfun$findProblem$6(ProblemResolver.scala:308)
	at scala.Option.orElse(Option.scala:477)
	at scala.meta.internal.metals.doctor.ProblemResolver.findProblem(ProblemResolver.scala:308)
	at scala.meta.internal.metals.doctor.ProblemResolver.$anonfun$problemMessage$1(ProblemResolver.scala:67)
	at scala.collection.immutable.List.flatMap(List.scala:283)
	at scala.meta.internal.metals.doctor.ProblemResolver.problemMessage(ProblemResolver.scala:66)
	at scala.meta.internal.metals.doctor.Doctor.check(Doctor.scala:113)
	at scala.meta.internal.metals.MetalsLspService.check(MetalsLspService.scala:1645)
	at scala.meta.internal.metals.ProjectMetalsLspService.check(ProjectMetalsLspService.scala:834)
	at scala.meta.internal.metals.ProjectMetalsLspService.$anonfun$connectionProvider$1(ProjectMetalsLspService.scala:188)
	at scala.meta.internal.metals.Indexer.$anonfun$indexWorkspace$11(Indexer.scala:151)
	at scala.runtime.java8.JFunction0$mcV$sp.apply(JFunction0$mcV$sp.scala:18)
	at scala.meta.internal.metals.TimerProvider.timedThunk(TimerProvider.scala:25)
	at scala.meta.internal.metals.Indexer.indexWorkspace(Indexer.scala:151)
	at scala.meta.internal.metals.Indexer.$anonfun$profiledIndexWorkspace$2(Indexer.scala:58)
	at scala.runtime.java8.JFunction0$mcV$sp.apply(JFunction0$mcV$sp.scala:18)
	at scala.meta.internal.metals.TimerProvider.timedThunk(TimerProvider.scala:25)
	at scala.meta.internal.metals.Indexer.$anonfun$profiledIndexWorkspace$1(Indexer.scala:58)
	at scala.runtime.java8.JFunction0$mcV$sp.apply(JFunction0$mcV$sp.scala:18)
	at scala.concurrent.Future$.$anonfun$apply$1(Future.scala:691)
	at scala.concurrent.impl.Promise$Transformation.run(Promise.scala:500)
	at java.util.concurrent.ThreadPoolExecutor.runWorker(ThreadPoolExecutor.java:1144)
	at java.util.concurrent.ThreadPoolExecutor$Worker.run(ThreadPoolExecutor.java:642)
	at java.lang.Thread.run(Thread.java:1583)

2025.11.06 19:52:08 ERROR Running process 'C:\Users\marco\AppData\Local\Programs\Eclipse Adoptium\jdk-25.0.1.8-hotspot\bin\java -version' failed
java.io.IOException: Cannot run program "C:\Users\marco\AppData\Local\Programs\Eclipse Adoptium\jdk-25.0.1.8-hotspot\bin\java" (in directory "C:\Users\marco\AppData\Local\Programs\Eclipse Adoptium\jdk-25.0.1.8-hotspot"): CreateProcess error=2, Das System kann die angegebene Datei nicht finden
	at java.lang.ProcessBuilder.start(ProcessBuilder.java:1170)
	at java.lang.ProcessBuilder.start(ProcessBuilder.java:1089)
	at scala.meta.internal.process.SystemProcess$.run(SystemProcess.scala:48)
	at scala.meta.internal.builds.ShellRunner$.runSync(ShellRunner.scala:153)
	at scala.meta.internal.metals.JdkVersion$.fromShell(JavaInteractiveSemanticdb.scala:238)
	at scala.meta.internal.metals.JdkVersion$.$anonfun$maybeJdkVersionFromJavaHome$3(JavaInteractiveSemanticdb.scala:229)
	at scala.Option.orElse(Option.scala:477)
	at scala.meta.internal.metals.JdkVersion$.$anonfun$maybeJdkVersionFromJavaHome$2(JavaInteractiveSemanticdb.scala:229)
	at scala.Option.flatMap(Option.scala:283)
	at scala.meta.internal.metals.JdkVersion$.maybeJdkVersionFromJavaHome(JavaInteractiveSemanticdb.scala:227)
	at scala.meta.internal.metals.ProjectMetalsLspService.$anonfun$getProjectsJavaInfo$5(ProjectMetalsLspService.scala:545)
	at scala.Option.orElse(Option.scala:477)
	at scala.meta.internal.metals.ProjectMetalsLspService.$anonfun$getProjectsJavaInfo$3(ProjectMetalsLspService.scala:545)
	at scala.Option.flatMap(Option.scala:283)
	at scala.meta.internal.metals.ProjectMetalsLspService.$anonfun$getProjectsJavaInfo$1(ProjectMetalsLspService.scala:542)
	at scala.Option.flatMap(Option.scala:283)
	at scala.meta.internal.metals.ProjectMetalsLspService.getProjectsJavaInfo(ProjectMetalsLspService.scala:541)
	at scala.meta.internal.metals.ProjectMetalsLspService.$anonfun$projectInfo$3(ProjectMetalsLspService.scala:535)
	at scala.meta.internal.metals.doctor.MetalsServiceInfo$ProjectService.getJavaInfo(Doctor.scala:781)
	at scala.meta.internal.metals.doctor.Doctor.$anonfun$problemResolver$3(Doctor.scala:82)
	at scala.meta.internal.metals.doctor.ProblemResolver.isWrongJavaRelease(ProblemResolver.scala:340)
	at scala.meta.internal.metals.doctor.ProblemResolver.findProblem(ProblemResolver.scala:331)
	at scala.meta.internal.metals.doctor.ProblemResolver.$anonfun$problemMessage$3(ProblemResolver.scala:88)
	at scala.collection.immutable.List.flatMap(List.scala:283)
	at scala.meta.internal.metals.doctor.ProblemResolver.problemMessage(ProblemResolver.scala:87)
	at scala.meta.internal.metals.doctor.Doctor.check(Doctor.scala:113)
	at scala.meta.internal.metals.MetalsLspService.check(MetalsLspService.scala:1645)
	at scala.meta.internal.metals.ProjectMetalsLspService.check(ProjectMetalsLspService.scala:834)
	at scala.meta.internal.metals.ProjectMetalsLspService.$anonfun$connectionProvider$1(ProjectMetalsLspService.scala:188)
	at scala.meta.internal.metals.Indexer.$anonfun$indexWorkspace$11(Indexer.scala:151)
	at scala.runtime.java8.JFunction0$mcV$sp.apply(JFunction0$mcV$sp.scala:18)
	at scala.meta.internal.metals.TimerProvider.timedThunk(TimerProvider.scala:25)
	at scala.meta.internal.metals.Indexer.indexWorkspace(Indexer.scala:151)
	at scala.meta.internal.metals.Indexer.$anonfun$profiledIndexWorkspace$2(Indexer.scala:58)
	at scala.runtime.java8.JFunction0$mcV$sp.apply(JFunction0$mcV$sp.scala:18)
	at scala.meta.internal.metals.TimerProvider.timedThunk(TimerProvider.scala:25)
	at scala.meta.internal.metals.Indexer.$anonfun$profiledIndexWorkspace$1(Indexer.scala:58)
	at scala.runtime.java8.JFunction0$mcV$sp.apply(JFunction0$mcV$sp.scala:18)
	at scala.concurrent.Future$.$anonfun$apply$1(Future.scala:691)
	at scala.concurrent.impl.Promise$Transformation.run(Promise.scala:500)
	at java.util.concurrent.ThreadPoolExecutor.runWorker(ThreadPoolExecutor.java:1144)
	at java.util.concurrent.ThreadPoolExecutor$Worker.run(ThreadPoolExecutor.java:642)
	at java.lang.Thread.run(Thread.java:1583)
Caused by: java.io.IOException: CreateProcess error=2, Das System kann die angegebene Datei nicht finden
	at java.lang.ProcessImpl.create(Native Method)
	at java.lang.ProcessImpl.<init>(ProcessImpl.java:506)
	at java.lang.ProcessImpl.start(ProcessImpl.java:159)
	at java.lang.ProcessBuilder.start(ProcessBuilder.java:1126)
	at java.lang.ProcessBuilder.start(ProcessBuilder.java:1089)
	at scala.meta.internal.process.SystemProcess$.run(SystemProcess.scala:48)
	at scala.meta.internal.builds.ShellRunner$.runSync(ShellRunner.scala:153)
	at scala.meta.internal.metals.JdkVersion$.fromShell(JavaInteractiveSemanticdb.scala:238)
	at scala.meta.internal.metals.JdkVersion$.$anonfun$maybeJdkVersionFromJavaHome$3(JavaInteractiveSemanticdb.scala:229)
	at scala.Option.orElse(Option.scala:477)
	at scala.meta.internal.metals.JdkVersion$.$anonfun$maybeJdkVersionFromJavaHome$2(JavaInteractiveSemanticdb.scala:229)
	at scala.Option.flatMap(Option.scala:283)
	at scala.meta.internal.metals.JdkVersion$.maybeJdkVersionFromJavaHome(JavaInteractiveSemanticdb.scala:227)
	at scala.meta.internal.metals.ProjectMetalsLspService.$anonfun$getProjectsJavaInfo$5(ProjectMetalsLspService.scala:545)
	at scala.Option.orElse(Option.scala:477)
	at scala.meta.internal.metals.ProjectMetalsLspService.$anonfun$getProjectsJavaInfo$3(ProjectMetalsLspService.scala:545)
	at scala.Option.flatMap(Option.scala:283)
	at scala.meta.internal.metals.ProjectMetalsLspService.$anonfun$getProjectsJavaInfo$1(ProjectMetalsLspService.scala:542)
	at scala.Option.flatMap(Option.scala:283)
	at scala.meta.internal.metals.ProjectMetalsLspService.getProjectsJavaInfo(ProjectMetalsLspService.scala:541)
	at scala.meta.internal.metals.ProjectMetalsLspService.$anonfun$projectInfo$3(ProjectMetalsLspService.scala:535)
	at scala.meta.internal.metals.doctor.MetalsServiceInfo$ProjectService.getJavaInfo(Doctor.scala:781)
	at scala.meta.internal.metals.doctor.Doctor.$anonfun$problemResolver$3(Doctor.scala:82)
	at scala.meta.internal.metals.doctor.ProblemResolver.isWrongJavaRelease(ProblemResolver.scala:340)
	at scala.meta.internal.metals.doctor.ProblemResolver.findProblem(ProblemResolver.scala:331)
	at scala.meta.internal.metals.doctor.ProblemResolver.$anonfun$problemMessage$3(ProblemResolver.scala:88)
	at scala.collection.immutable.List.flatMap(List.scala:283)
	at scala.meta.internal.metals.doctor.ProblemResolver.problemMessage(ProblemResolver.scala:87)
	at scala.meta.internal.metals.doctor.Doctor.check(Doctor.scala:113)
	at scala.meta.internal.metals.MetalsLspService.check(MetalsLspService.scala:1645)
	at scala.meta.internal.metals.ProjectMetalsLspService.check(ProjectMetalsLspService.scala:834)
	at scala.meta.internal.metals.ProjectMetalsLspService.$anonfun$connectionProvider$1(ProjectMetalsLspService.scala:188)
	at scala.meta.internal.metals.Indexer.$anonfun$indexWorkspace$11(Indexer.scala:151)
	at scala.runtime.java8.JFunction0$mcV$sp.apply(JFunction0$mcV$sp.scala:18)
	at scala.meta.internal.metals.TimerProvider.timedThunk(TimerProvider.scala:25)
	at scala.meta.internal.metals.Indexer.indexWorkspace(Indexer.scala:151)
	at scala.meta.internal.metals.Indexer.$anonfun$profiledIndexWorkspace$2(Indexer.scala:58)
	at scala.runtime.java8.JFunction0$mcV$sp.apply(JFunction0$mcV$sp.scala:18)
	at scala.meta.internal.metals.TimerProvider.timedThunk(TimerProvider.scala:25)
	at scala.meta.internal.metals.Indexer.$anonfun$profiledIndexWorkspace$1(Indexer.scala:58)
	at scala.runtime.java8.JFunction0$mcV$sp.apply(JFunction0$mcV$sp.scala:18)
	at scala.concurrent.Future$.$anonfun$apply$1(Future.scala:691)
	at scala.concurrent.impl.Promise$Transformation.run(Promise.scala:500)
	at java.util.concurrent.ThreadPoolExecutor.runWorker(ThreadPoolExecutor.java:1144)
	at java.util.concurrent.ThreadPoolExecutor$Worker.run(ThreadPoolExecutor.java:642)
	at java.lang.Thread.run(Thread.java:1583)

2025.11.06 19:52:08 ERROR Running process 'C:\Users\marco\AppData\Local\Programs\Eclipse Adoptium\jdk-25.0.1.8-hotspot\bin\java -version' failed
java.io.IOException: Cannot run program "C:\Users\marco\AppData\Local\Programs\Eclipse Adoptium\jdk-25.0.1.8-hotspot\bin\java" (in directory "C:\Users\marco\AppData\Local\Programs\Eclipse Adoptium\jdk-25.0.1.8-hotspot"): CreateProcess error=2, Das System kann die angegebene Datei nicht finden
	at java.lang.ProcessBuilder.start(ProcessBuilder.java:1170)
	at java.lang.ProcessBuilder.start(ProcessBuilder.java:1089)
	at scala.meta.internal.process.SystemProcess$.run(SystemProcess.scala:48)
	at scala.meta.internal.builds.ShellRunner$.runSync(ShellRunner.scala:153)
	at scala.meta.internal.metals.JdkVersion$.fromShell(JavaInteractiveSemanticdb.scala:238)
	at scala.meta.internal.metals.JdkVersion$.$anonfun$maybeJdkVersionFromJavaHome$3(JavaInteractiveSemanticdb.scala:229)
	at scala.Option.orElse(Option.scala:477)
	at scala.meta.internal.metals.JdkVersion$.$anonfun$maybeJdkVersionFromJavaHome$2(JavaInteractiveSemanticdb.scala:229)
	at scala.Option.flatMap(Option.scala:283)
	at scala.meta.internal.metals.JdkVersion$.maybeJdkVersionFromJavaHome(JavaInteractiveSemanticdb.scala:227)
	at scala.meta.internal.metals.ProjectMetalsLspService.$anonfun$getProjectsJavaInfo$5(ProjectMetalsLspService.scala:545)
	at scala.Option.orElse(Option.scala:477)
	at scala.meta.internal.metals.ProjectMetalsLspService.$anonfun$getProjectsJavaInfo$3(ProjectMetalsLspService.scala:545)
	at scala.Option.flatMap(Option.scala:283)
	at scala.meta.internal.metals.ProjectMetalsLspService.$anonfun$getProjectsJavaInfo$1(ProjectMetalsLspService.scala:542)
	at scala.Option.flatMap(Option.scala:283)
	at scala.meta.internal.metals.ProjectMetalsLspService.getProjectsJavaInfo(ProjectMetalsLspService.scala:541)
	at scala.meta.internal.metals.ProjectMetalsLspService.$anonfun$projectInfo$3(ProjectMetalsLspService.scala:535)
	at scala.meta.internal.metals.doctor.MetalsServiceInfo$ProjectService.getJavaInfo(Doctor.scala:781)
	at scala.meta.internal.metals.doctor.Doctor.$anonfun$problemResolver$3(Doctor.scala:82)
	at scala.meta.internal.metals.doctor.ProblemResolver.isWrongJavaRelease(ProblemResolver.scala:340)
	at scala.meta.internal.metals.doctor.ProblemResolver.findProblem(ProblemResolver.scala:331)
	at scala.meta.internal.metals.doctor.ProblemResolver.$anonfun$problemMessage$3(ProblemResolver.scala:88)
	at scala.collection.immutable.List.flatMap(List.scala:283)
	at scala.meta.internal.metals.doctor.ProblemResolver.problemMessage(ProblemResolver.scala:87)
	at scala.meta.internal.metals.doctor.Doctor.check(Doctor.scala:113)
	at scala.meta.internal.metals.MetalsLspService.check(MetalsLspService.scala:1645)
	at scala.meta.internal.metals.ProjectMetalsLspService.check(ProjectMetalsLspService.scala:834)
	at scala.meta.internal.metals.ProjectMetalsLspService.$anonfun$connectionProvider$1(ProjectMetalsLspService.scala:188)
	at scala.meta.internal.metals.Indexer.$anonfun$indexWorkspace$11(Indexer.scala:151)
	at scala.runtime.java8.JFunction0$mcV$sp.apply(JFunction0$mcV$sp.scala:18)
	at scala.meta.internal.metals.TimerProvider.timedThunk(TimerProvider.scala:25)
	at scala.meta.internal.metals.Indexer.indexWorkspace(Indexer.scala:151)
	at scala.meta.internal.metals.Indexer.$anonfun$profiledIndexWorkspace$2(Indexer.scala:58)
	at scala.runtime.java8.JFunction0$mcV$sp.apply(JFunction0$mcV$sp.scala:18)
	at scala.meta.internal.metals.TimerProvider.timedThunk(TimerProvider.scala:25)
	at scala.meta.internal.metals.Indexer.$anonfun$profiledIndexWorkspace$1(Indexer.scala:58)
	at scala.runtime.java8.JFunction0$mcV$sp.apply(JFunction0$mcV$sp.scala:18)
	at scala.concurrent.Future$.$anonfun$apply$1(Future.scala:691)
	at scala.concurrent.impl.Promise$Transformation.run(Promise.scala:500)
	at java.util.concurrent.ThreadPoolExecutor.runWorker(ThreadPoolExecutor.java:1144)
	at java.util.concurrent.ThreadPoolExecutor$Worker.run(ThreadPoolExecutor.java:642)
	at java.lang.Thread.run(Thread.java:1583)
Caused by: java.io.IOException: CreateProcess error=2, Das System kann die angegebene Datei nicht finden
	at java.lang.ProcessImpl.create(Native Method)
	at java.lang.ProcessImpl.<init>(ProcessImpl.java:506)
	at java.lang.ProcessImpl.start(ProcessImpl.java:159)
	at java.lang.ProcessBuilder.start(ProcessBuilder.java:1126)
	at java.lang.ProcessBuilder.start(ProcessBuilder.java:1089)
	at scala.meta.internal.process.SystemProcess$.run(SystemProcess.scala:48)
	at scala.meta.internal.builds.ShellRunner$.runSync(ShellRunner.scala:153)
	at scala.meta.internal.metals.JdkVersion$.fromShell(JavaInteractiveSemanticdb.scala:238)
	at scala.meta.internal.metals.JdkVersion$.$anonfun$maybeJdkVersionFromJavaHome$3(JavaInteractiveSemanticdb.scala:229)
	at scala.Option.orElse(Option.scala:477)
	at scala.meta.internal.metals.JdkVersion$.$anonfun$maybeJdkVersionFromJavaHome$2(JavaInteractiveSemanticdb.scala:229)
	at scala.Option.flatMap(Option.scala:283)
	at scala.meta.internal.metals.JdkVersion$.maybeJdkVersionFromJavaHome(JavaInteractiveSemanticdb.scala:227)
	at scala.meta.internal.metals.ProjectMetalsLspService.$anonfun$getProjectsJavaInfo$5(ProjectMetalsLspService.scala:545)
	at scala.Option.orElse(Option.scala:477)
	at scala.meta.internal.metals.ProjectMetalsLspService.$anonfun$getProjectsJavaInfo$3(ProjectMetalsLspService.scala:545)
	at scala.Option.flatMap(Option.scala:283)
	at scala.meta.internal.metals.ProjectMetalsLspService.$anonfun$getProjectsJavaInfo$1(ProjectMetalsLspService.scala:542)
	at scala.Option.flatMap(Option.scala:283)
	at scala.meta.internal.metals.ProjectMetalsLspService.getProjectsJavaInfo(ProjectMetalsLspService.scala:541)
	at scala.meta.internal.metals.ProjectMetalsLspService.$anonfun$projectInfo$3(ProjectMetalsLspService.scala:535)
	at scala.meta.internal.metals.doctor.MetalsServiceInfo$ProjectService.getJavaInfo(Doctor.scala:781)
	at scala.meta.internal.metals.doctor.Doctor.$anonfun$problemResolver$3(Doctor.scala:82)
	at scala.meta.internal.metals.doctor.ProblemResolver.isWrongJavaRelease(ProblemResolver.scala:340)
	at scala.meta.internal.metals.doctor.ProblemResolver.findProblem(ProblemResolver.scala:331)
	at scala.meta.internal.metals.doctor.ProblemResolver.$anonfun$problemMessage$3(ProblemResolver.scala:88)
	at scala.collection.immutable.List.flatMap(List.scala:283)
	at scala.meta.internal.metals.doctor.ProblemResolver.problemMessage(ProblemResolver.scala:87)
	at scala.meta.internal.metals.doctor.Doctor.check(Doctor.scala:113)
	at scala.meta.internal.metals.MetalsLspService.check(MetalsLspService.scala:1645)
	at scala.meta.internal.metals.ProjectMetalsLspService.check(ProjectMetalsLspService.scala:834)
	at scala.meta.internal.metals.ProjectMetalsLspService.$anonfun$connectionProvider$1(ProjectMetalsLspService.scala:188)
	at scala.meta.internal.metals.Indexer.$anonfun$indexWorkspace$11(Indexer.scala:151)
	at scala.runtime.java8.JFunction0$mcV$sp.apply(JFunction0$mcV$sp.scala:18)
	at scala.meta.internal.metals.TimerProvider.timedThunk(TimerProvider.scala:25)
	at scala.meta.internal.metals.Indexer.indexWorkspace(Indexer.scala:151)
	at scala.meta.internal.metals.Indexer.$anonfun$profiledIndexWorkspace$2(Indexer.scala:58)
	at scala.runtime.java8.JFunction0$mcV$sp.apply(JFunction0$mcV$sp.scala:18)
	at scala.meta.internal.metals.TimerProvider.timedThunk(TimerProvider.scala:25)
	at scala.meta.internal.metals.Indexer.$anonfun$profiledIndexWorkspace$1(Indexer.scala:58)
	at scala.runtime.java8.JFunction0$mcV$sp.apply(JFunction0$mcV$sp.scala:18)
	at scala.concurrent.Future$.$anonfun$apply$1(Future.scala:691)
	at scala.concurrent.impl.Promise$Transformation.run(Promise.scala:500)
	at java.util.concurrent.ThreadPoolExecutor.runWorker(ThreadPoolExecutor.java:1144)
	at java.util.concurrent.ThreadPoolExecutor$Worker.run(ThreadPoolExecutor.java:642)
	at java.lang.Thread.run(Thread.java:1583)

2025.11.06 19:52:08 ERROR Running process 'C:\Users\marco\AppData\Local\Programs\Eclipse Adoptium\jdk-25.0.1.8-hotspot\bin\java -version' failed
java.io.IOException: Cannot run program "C:\Users\marco\AppData\Local\Programs\Eclipse Adoptium\jdk-25.0.1.8-hotspot\bin\java" (in directory "C:\Users\marco\AppData\Local\Programs\Eclipse Adoptium\jdk-25.0.1.8-hotspot"): CreateProcess error=2, Das System kann die angegebene Datei nicht finden
	at java.lang.ProcessBuilder.start(ProcessBuilder.java:1170)
	at java.lang.ProcessBuilder.start(ProcessBuilder.java:1089)
	at scala.meta.internal.process.SystemProcess$.run(SystemProcess.scala:48)
	at scala.meta.internal.builds.ShellRunner$.runSync(ShellRunner.scala:153)
	at scala.meta.internal.metals.JdkVersion$.fromShell(JavaInteractiveSemanticdb.scala:238)
	at scala.meta.internal.metals.JdkVersion$.$anonfun$maybeJdkVersionFromJavaHome$3(JavaInteractiveSemanticdb.scala:229)
	at scala.Option.orElse(Option.scala:477)
	at scala.meta.internal.metals.JdkVersion$.$anonfun$maybeJdkVersionFromJavaHome$2(JavaInteractiveSemanticdb.scala:229)
	at scala.Option.flatMap(Option.scala:283)
	at scala.meta.internal.metals.JdkVersion$.maybeJdkVersionFromJavaHome(JavaInteractiveSemanticdb.scala:227)
	at scala.meta.internal.metals.ProjectMetalsLspService.$anonfun$getProjectsJavaInfo$5(ProjectMetalsLspService.scala:545)
	at scala.Option.orElse(Option.scala:477)
	at scala.meta.internal.metals.ProjectMetalsLspService.$anonfun$getProjectsJavaInfo$3(ProjectMetalsLspService.scala:545)
	at scala.Option.flatMap(Option.scala:283)
	at scala.meta.internal.metals.ProjectMetalsLspService.$anonfun$getProjectsJavaInfo$1(ProjectMetalsLspService.scala:542)
	at scala.Option.flatMap(Option.scala:283)
	at scala.meta.internal.metals.ProjectMetalsLspService.getProjectsJavaInfo(ProjectMetalsLspService.scala:541)
	at scala.meta.internal.metals.ProjectMetalsLspService.$anonfun$projectInfo$3(ProjectMetalsLspService.scala:535)
	at scala.meta.internal.metals.doctor.MetalsServiceInfo$ProjectService.getJavaInfo(Doctor.scala:781)
	at scala.meta.internal.metals.doctor.Doctor.$anonfun$problemResolver$3(Doctor.scala:82)
	at scala.meta.internal.metals.doctor.ProblemResolver.isWrongJavaRelease(ProblemResolver.scala:340)
	at scala.meta.internal.metals.doctor.ProblemResolver.findProblem(ProblemResolver.scala:331)
	at scala.meta.internal.metals.doctor.ProblemResolver.$anonfun$problemMessage$3(ProblemResolver.scala:88)
	at scala.collection.immutable.List.flatMap(List.scala:283)
	at scala.meta.internal.metals.doctor.ProblemResolver.problemMessage(ProblemResolver.scala:87)
	at scala.meta.internal.metals.doctor.Doctor.check(Doctor.scala:113)
	at scala.meta.internal.metals.MetalsLspService.check(MetalsLspService.scala:1645)
	at scala.meta.internal.metals.ProjectMetalsLspService.check(ProjectMetalsLspService.scala:834)
	at scala.meta.internal.metals.ProjectMetalsLspService.$anonfun$connectionProvider$1(ProjectMetalsLspService.scala:188)
	at scala.meta.internal.metals.Indexer.$anonfun$indexWorkspace$11(Indexer.scala:151)
	at scala.runtime.java8.JFunction0$mcV$sp.apply(JFunction0$mcV$sp.scala:18)
	at scala.meta.internal.metals.TimerProvider.timedThunk(TimerProvider.scala:25)
	at scala.meta.internal.metals.Indexer.indexWorkspace(Indexer.scala:151)
	at scala.meta.internal.metals.Indexer.$anonfun$profiledIndexWorkspace$2(Indexer.scala:58)
	at scala.runtime.java8.JFunction0$mcV$sp.apply(JFunction0$mcV$sp.scala:18)
	at scala.meta.internal.metals.TimerProvider.timedThunk(TimerProvider.scala:25)
	at scala.meta.internal.metals.Indexer.$anonfun$profiledIndexWorkspace$1(Indexer.scala:58)
	at scala.runtime.java8.JFunction0$mcV$sp.apply(JFunction0$mcV$sp.scala:18)
	at scala.concurrent.Future$.$anonfun$apply$1(Future.scala:691)
	at scala.concurrent.impl.Promise$Transformation.run(Promise.scala:500)
	at java.util.concurrent.ThreadPoolExecutor.runWorker(ThreadPoolExecutor.java:1144)
	at java.util.concurrent.ThreadPoolExecutor$Worker.run(ThreadPoolExecutor.java:642)
	at java.lang.Thread.run(Thread.java:1583)
Caused by: java.io.IOException: CreateProcess error=2, Das System kann die angegebene Datei nicht finden
	at java.lang.ProcessImpl.create(Native Method)
	at java.lang.ProcessImpl.<init>(ProcessImpl.java:506)
	at java.lang.ProcessImpl.start(ProcessImpl.java:159)
	at java.lang.ProcessBuilder.start(ProcessBuilder.java:1126)
	at java.lang.ProcessBuilder.start(ProcessBuilder.java:1089)
	at scala.meta.internal.process.SystemProcess$.run(SystemProcess.scala:48)
	at scala.meta.internal.builds.ShellRunner$.runSync(ShellRunner.scala:153)
	at scala.meta.internal.metals.JdkVersion$.fromShell(JavaInteractiveSemanticdb.scala:238)
	at scala.meta.internal.metals.JdkVersion$.$anonfun$maybeJdkVersionFromJavaHome$3(JavaInteractiveSemanticdb.scala:229)
	at scala.Option.orElse(Option.scala:477)
	at scala.meta.internal.metals.JdkVersion$.$anonfun$maybeJdkVersionFromJavaHome$2(JavaInteractiveSemanticdb.scala:229)
	at scala.Option.flatMap(Option.scala:283)
	at scala.meta.internal.metals.JdkVersion$.maybeJdkVersionFromJavaHome(JavaInteractiveSemanticdb.scala:227)
	at scala.meta.internal.metals.ProjectMetalsLspService.$anonfun$getProjectsJavaInfo$5(ProjectMetalsLspService.scala:545)
	at scala.Option.orElse(Option.scala:477)
	at scala.meta.internal.metals.ProjectMetalsLspService.$anonfun$getProjectsJavaInfo$3(ProjectMetalsLspService.scala:545)
	at scala.Option.flatMap(Option.scala:283)
	at scala.meta.internal.metals.ProjectMetalsLspService.$anonfun$getProjectsJavaInfo$1(ProjectMetalsLspService.scala:542)
	at scala.Option.flatMap(Option.scala:283)
	at scala.meta.internal.metals.ProjectMetalsLspService.getProjectsJavaInfo(ProjectMetalsLspService.scala:541)
	at scala.meta.internal.metals.ProjectMetalsLspService.$anonfun$projectInfo$3(ProjectMetalsLspService.scala:535)
	at scala.meta.internal.metals.doctor.MetalsServiceInfo$ProjectService.getJavaInfo(Doctor.scala:781)
	at scala.meta.internal.metals.doctor.Doctor.$anonfun$problemResolver$3(Doctor.scala:82)
	at scala.meta.internal.metals.doctor.ProblemResolver.isWrongJavaRelease(ProblemResolver.scala:340)
	at scala.meta.internal.metals.doctor.ProblemResolver.findProblem(ProblemResolver.scala:331)
	at scala.meta.internal.metals.doctor.ProblemResolver.$anonfun$problemMessage$3(ProblemResolver.scala:88)
	at scala.collection.immutable.List.flatMap(List.scala:283)
	at scala.meta.internal.metals.doctor.ProblemResolver.problemMessage(ProblemResolver.scala:87)
	at scala.meta.internal.metals.doctor.Doctor.check(Doctor.scala:113)
	at scala.meta.internal.metals.MetalsLspService.check(MetalsLspService.scala:1645)
	at scala.meta.internal.metals.ProjectMetalsLspService.check(ProjectMetalsLspService.scala:834)
	at scala.meta.internal.metals.ProjectMetalsLspService.$anonfun$connectionProvider$1(ProjectMetalsLspService.scala:188)
	at scala.meta.internal.metals.Indexer.$anonfun$indexWorkspace$11(Indexer.scala:151)
	at scala.runtime.java8.JFunction0$mcV$sp.apply(JFunction0$mcV$sp.scala:18)
	at scala.meta.internal.metals.TimerProvider.timedThunk(TimerProvider.scala:25)
	at scala.meta.internal.metals.Indexer.indexWorkspace(Indexer.scala:151)
	at scala.meta.internal.metals.Indexer.$anonfun$profiledIndexWorkspace$2(Indexer.scala:58)
	at scala.runtime.java8.JFunction0$mcV$sp.apply(JFunction0$mcV$sp.scala:18)
	at scala.meta.internal.metals.TimerProvider.timedThunk(TimerProvider.scala:25)
	at scala.meta.internal.metals.Indexer.$anonfun$profiledIndexWorkspace$1(Indexer.scala:58)
	at scala.runtime.java8.JFunction0$mcV$sp.apply(JFunction0$mcV$sp.scala:18)
	at scala.concurrent.Future$.$anonfun$apply$1(Future.scala:691)
	at scala.concurrent.impl.Promise$Transformation.run(Promise.scala:500)
	at java.util.concurrent.ThreadPoolExecutor.runWorker(ThreadPoolExecutor.java:1144)
	at java.util.concurrent.ThreadPoolExecutor$Worker.run(ThreadPoolExecutor.java:642)
	at java.lang.Thread.run(Thread.java:1583)

2025.11.06 19:52:08 ERROR Running process 'C:\Users\marco\AppData\Local\Programs\Eclipse Adoptium\jdk-25.0.1.8-hotspot\bin\java -version' failed
java.io.IOException: Cannot run program "C:\Users\marco\AppData\Local\Programs\Eclipse Adoptium\jdk-25.0.1.8-hotspot\bin\java" (in directory "C:\Users\marco\AppData\Local\Programs\Eclipse Adoptium\jdk-25.0.1.8-hotspot"): CreateProcess error=2, Das System kann die angegebene Datei nicht finden
	at java.lang.ProcessBuilder.start(ProcessBuilder.java:1170)
	at java.lang.ProcessBuilder.start(ProcessBuilder.java:1089)
	at scala.meta.internal.process.SystemProcess$.run(SystemProcess.scala:48)
	at scala.meta.internal.builds.ShellRunner$.runSync(ShellRunner.scala:153)
	at scala.meta.internal.metals.JdkVersion$.fromShell(JavaInteractiveSemanticdb.scala:238)
	at scala.meta.internal.metals.JdkVersion$.$anonfun$maybeJdkVersionFromJavaHome$3(JavaInteractiveSemanticdb.scala:229)
	at scala.Option.orElse(Option.scala:477)
	at scala.meta.internal.metals.JdkVersion$.$anonfun$maybeJdkVersionFromJavaHome$2(JavaInteractiveSemanticdb.scala:229)
	at scala.Option.flatMap(Option.scala:283)
	at scala.meta.internal.metals.JdkVersion$.maybeJdkVersionFromJavaHome(JavaInteractiveSemanticdb.scala:227)
	at scala.meta.internal.metals.ProjectMetalsLspService.$anonfun$getProjectsJavaInfo$5(ProjectMetalsLspService.scala:545)
	at scala.Option.orElse(Option.scala:477)
	at scala.meta.internal.metals.ProjectMetalsLspService.$anonfun$getProjectsJavaInfo$3(ProjectMetalsLspService.scala:545)
	at scala.Option.flatMap(Option.scala:283)
	at scala.meta.internal.metals.ProjectMetalsLspService.$anonfun$getProjectsJavaInfo$1(ProjectMetalsLspService.scala:542)
	at scala.Option.flatMap(Option.scala:283)
	at scala.meta.internal.metals.ProjectMetalsLspService.getProjectsJavaInfo(ProjectMetalsLspService.scala:541)
	at scala.meta.internal.metals.ProjectMetalsLspService.$anonfun$projectInfo$3(ProjectMetalsLspService.scala:535)
	at scala.meta.internal.metals.doctor.MetalsServiceInfo$ProjectService.getJavaInfo(Doctor.scala:781)
	at scala.meta.internal.metals.doctor.Doctor.$anonfun$problemResolver$3(Doctor.scala:82)
	at scala.meta.internal.metals.doctor.ProblemResolver.isWrongJavaRelease(ProblemResolver.scala:340)
	at scala.meta.internal.metals.doctor.ProblemResolver.findProblem(ProblemResolver.scala:331)
	at scala.meta.internal.metals.doctor.ProblemResolver.$anonfun$problemMessage$3(ProblemResolver.scala:88)
	at scala.collection.immutable.List.flatMap(List.scala:283)
	at scala.meta.internal.metals.doctor.ProblemResolver.problemMessage(ProblemResolver.scala:87)
	at scala.meta.internal.metals.doctor.Doctor.check(Doctor.scala:113)
	at scala.meta.internal.metals.MetalsLspService.check(MetalsLspService.scala:1645)
	at scala.meta.internal.metals.ProjectMetalsLspService.check(ProjectMetalsLspService.scala:834)
	at scala.meta.internal.metals.ProjectMetalsLspService.$anonfun$connectionProvider$1(ProjectMetalsLspService.scala:188)
	at scala.meta.internal.metals.Indexer.$anonfun$indexWorkspace$11(Indexer.scala:151)
	at scala.runtime.java8.JFunction0$mcV$sp.apply(JFunction0$mcV$sp.scala:18)
	at scala.meta.internal.metals.TimerProvider.timedThunk(TimerProvider.scala:25)
	at scala.meta.internal.metals.Indexer.indexWorkspace(Indexer.scala:151)
	at scala.meta.internal.metals.Indexer.$anonfun$profiledIndexWorkspace$2(Indexer.scala:58)
	at scala.runtime.java8.JFunction0$mcV$sp.apply(JFunction0$mcV$sp.scala:18)
	at scala.meta.internal.metals.TimerProvider.timedThunk(TimerProvider.scala:25)
	at scala.meta.internal.metals.Indexer.$anonfun$profiledIndexWorkspace$1(Indexer.scala:58)
	at scala.runtime.java8.JFunction0$mcV$sp.apply(JFunction0$mcV$sp.scala:18)
	at scala.concurrent.Future$.$anonfun$apply$1(Future.scala:691)
	at scala.concurrent.impl.Promise$Transformation.run(Promise.scala:500)
	at java.util.concurrent.ThreadPoolExecutor.runWorker(ThreadPoolExecutor.java:1144)
	at java.util.concurrent.ThreadPoolExecutor$Worker.run(ThreadPoolExecutor.java:642)
	at java.lang.Thread.run(Thread.java:1583)
Caused by: java.io.IOException: CreateProcess error=2, Das System kann die angegebene Datei nicht finden
	at java.lang.ProcessImpl.create(Native Method)
	at java.lang.ProcessImpl.<init>(ProcessImpl.java:506)
	at java.lang.ProcessImpl.start(ProcessImpl.java:159)
	at java.lang.ProcessBuilder.start(ProcessBuilder.java:1126)
	at java.lang.ProcessBuilder.start(ProcessBuilder.java:1089)
	at scala.meta.internal.process.SystemProcess$.run(SystemProcess.scala:48)
	at scala.meta.internal.builds.ShellRunner$.runSync(ShellRunner.scala:153)
	at scala.meta.internal.metals.JdkVersion$.fromShell(JavaInteractiveSemanticdb.scala:238)
	at scala.meta.internal.metals.JdkVersion$.$anonfun$maybeJdkVersionFromJavaHome$3(JavaInteractiveSemanticdb.scala:229)
	at scala.Option.orElse(Option.scala:477)
	at scala.meta.internal.metals.JdkVersion$.$anonfun$maybeJdkVersionFromJavaHome$2(JavaInteractiveSemanticdb.scala:229)
	at scala.Option.flatMap(Option.scala:283)
	at scala.meta.internal.metals.JdkVersion$.maybeJdkVersionFromJavaHome(JavaInteractiveSemanticdb.scala:227)
	at scala.meta.internal.metals.ProjectMetalsLspService.$anonfun$getProjectsJavaInfo$5(ProjectMetalsLspService.scala:545)
	at scala.Option.orElse(Option.scala:477)
	at scala.meta.internal.metals.ProjectMetalsLspService.$anonfun$getProjectsJavaInfo$3(ProjectMetalsLspService.scala:545)
	at scala.Option.flatMap(Option.scala:283)
	at scala.meta.internal.metals.ProjectMetalsLspService.$anonfun$getProjectsJavaInfo$1(ProjectMetalsLspService.scala:542)
	at scala.Option.flatMap(Option.scala:283)
	at scala.meta.internal.metals.ProjectMetalsLspService.getProjectsJavaInfo(ProjectMetalsLspService.scala:541)
	at scala.meta.internal.metals.ProjectMetalsLspService.$anonfun$projectInfo$3(ProjectMetalsLspService.scala:535)
	at scala.meta.internal.metals.doctor.MetalsServiceInfo$ProjectService.getJavaInfo(Doctor.scala:781)
	at scala.meta.internal.metals.doctor.Doctor.$anonfun$problemResolver$3(Doctor.scala:82)
	at scala.meta.internal.metals.doctor.ProblemResolver.isWrongJavaRelease(ProblemResolver.scala:340)
	at scala.meta.internal.metals.doctor.ProblemResolver.findProblem(ProblemResolver.scala:331)
	at scala.meta.internal.metals.doctor.ProblemResolver.$anonfun$problemMessage$3(ProblemResolver.scala:88)
	at scala.collection.immutable.List.flatMap(List.scala:283)
	at scala.meta.internal.metals.doctor.ProblemResolver.problemMessage(ProblemResolver.scala:87)
	at scala.meta.internal.metals.doctor.Doctor.check(Doctor.scala:113)
	at scala.meta.internal.metals.MetalsLspService.check(MetalsLspService.scala:1645)
	at scala.meta.internal.metals.ProjectMetalsLspService.check(ProjectMetalsLspService.scala:834)
	at scala.meta.internal.metals.ProjectMetalsLspService.$anonfun$connectionProvider$1(ProjectMetalsLspService.scala:188)
	at scala.meta.internal.metals.Indexer.$anonfun$indexWorkspace$11(Indexer.scala:151)
	at scala.runtime.java8.JFunction0$mcV$sp.apply(JFunction0$mcV$sp.scala:18)
	at scala.meta.internal.metals.TimerProvider.timedThunk(TimerProvider.scala:25)
	at scala.meta.internal.metals.Indexer.indexWorkspace(Indexer.scala:151)
	at scala.meta.internal.metals.Indexer.$anonfun$profiledIndexWorkspace$2(Indexer.scala:58)
	at scala.runtime.java8.JFunction0$mcV$sp.apply(JFunction0$mcV$sp.scala:18)
	at scala.meta.internal.metals.TimerProvider.timedThunk(TimerProvider.scala:25)
	at scala.meta.internal.metals.Indexer.$anonfun$profiledIndexWorkspace$1(Indexer.scala:58)
	at scala.runtime.java8.JFunction0$mcV$sp.apply(JFunction0$mcV$sp.scala:18)
	at scala.concurrent.Future$.$anonfun$apply$1(Future.scala:691)
	at scala.concurrent.impl.Promise$Transformation.run(Promise.scala:500)
	at java.util.concurrent.ThreadPoolExecutor.runWorker(ThreadPoolExecutor.java:1144)
	at java.util.concurrent.ThreadPoolExecutor$Worker.run(ThreadPoolExecutor.java:642)
	at java.lang.Thread.run(Thread.java:1583)

2025.11.06 19:52:15 WARN  Using H2 2.4.240 which is newer than the version Flyway has been verified with. The latest verified version of H2 is 2.3.232.
2025.11.06 19:52:21 INFO  time: indexed workspace in 13s
2025.11.06 19:55:06 ERROR Running process 'C:\Users\marco\AppData\Local\Programs\Eclipse Adoptium\jdk-25.0.1.8-hotspot\bin\java -version' failed
java.io.IOException: Cannot run program "C:\Users\marco\AppData\Local\Programs\Eclipse Adoptium\jdk-25.0.1.8-hotspot\bin\java" (in directory "C:\Users\marco\AppData\Local\Programs\Eclipse Adoptium\jdk-25.0.1.8-hotspot"): CreateProcess error=2, Das System kann die angegebene Datei nicht finden
	at java.lang.ProcessBuilder.start(ProcessBuilder.java:1170)
	at java.lang.ProcessBuilder.start(ProcessBuilder.java:1089)
	at scala.meta.internal.process.SystemProcess$.run(SystemProcess.scala:48)
	at scala.meta.internal.builds.ShellRunner$.runSync(ShellRunner.scala:153)
	at scala.meta.internal.metals.JdkVersion$.fromShell(JavaInteractiveSemanticdb.scala:238)
	at scala.meta.internal.metals.JdkVersion$.$anonfun$maybeJdkVersionFromJavaHome$3(JavaInteractiveSemanticdb.scala:229)
	at scala.Option.orElse(Option.scala:477)
	at scala.meta.internal.metals.JdkVersion$.$anonfun$maybeJdkVersionFromJavaHome$2(JavaInteractiveSemanticdb.scala:229)
	at scala.Option.flatMap(Option.scala:283)
	at scala.meta.internal.metals.JdkVersion$.maybeJdkVersionFromJavaHome(JavaInteractiveSemanticdb.scala:227)
	at scala.meta.internal.metals.CompilerConfiguration.$anonfun$enrichWithReleaseOption$3(CompilerConfiguration.scala:401)
	at scala.Option.orElse(Option.scala:477)
	at scala.meta.internal.metals.CompilerConfiguration.optBuildTargetJvmVersion$1(CompilerConfiguration.scala:390)
	at scala.meta.internal.metals.CompilerConfiguration.scala$meta$internal$metals$CompilerConfiguration$$enrichWithReleaseOption(CompilerConfiguration.scala:406)
	at scala.meta.internal.metals.CompilerConfiguration$ScalaLazyCompiler.newCompiler(CompilerConfiguration.scala:194)
	at scala.meta.internal.metals.CompilerConfiguration$LazyCompiler.$anonfun$presentationCompilerFuture$2(CompilerConfiguration.scala:135)
	at scala.concurrent.impl.Promise$Transformation.run(Promise.scala:500)
	at java.util.concurrent.ThreadPoolExecutor.runWorker(ThreadPoolExecutor.java:1144)
	at java.util.concurrent.ThreadPoolExecutor$Worker.run(ThreadPoolExecutor.java:642)
	at java.lang.Thread.run(Thread.java:1583)
Caused by: java.io.IOException: CreateProcess error=2, Das System kann die angegebene Datei nicht finden
	at java.lang.ProcessImpl.create(Native Method)
	at java.lang.ProcessImpl.<init>(ProcessImpl.java:506)
	at java.lang.ProcessImpl.start(ProcessImpl.java:159)
	at java.lang.ProcessBuilder.start(ProcessBuilder.java:1126)
	at java.lang.ProcessBuilder.start(ProcessBuilder.java:1089)
	at scala.meta.internal.process.SystemProcess$.run(SystemProcess.scala:48)
	at scala.meta.internal.builds.ShellRunner$.runSync(ShellRunner.scala:153)
	at scala.meta.internal.metals.JdkVersion$.fromShell(JavaInteractiveSemanticdb.scala:238)
	at scala.meta.internal.metals.JdkVersion$.$anonfun$maybeJdkVersionFromJavaHome$3(JavaInteractiveSemanticdb.scala:229)
	at scala.Option.orElse(Option.scala:477)
	at scala.meta.internal.metals.JdkVersion$.$anonfun$maybeJdkVersionFromJavaHome$2(JavaInteractiveSemanticdb.scala:229)
	at scala.Option.flatMap(Option.scala:283)
	at scala.meta.internal.metals.JdkVersion$.maybeJdkVersionFromJavaHome(JavaInteractiveSemanticdb.scala:227)
	at scala.meta.internal.metals.CompilerConfiguration.$anonfun$enrichWithReleaseOption$3(CompilerConfiguration.scala:401)
	at scala.Option.orElse(Option.scala:477)
	at scala.meta.internal.metals.CompilerConfiguration.optBuildTargetJvmVersion$1(CompilerConfiguration.scala:390)
	at scala.meta.internal.metals.CompilerConfiguration.scala$meta$internal$metals$CompilerConfiguration$$enrichWithReleaseOption(CompilerConfiguration.scala:406)
	at scala.meta.internal.metals.CompilerConfiguration$ScalaLazyCompiler.newCompiler(CompilerConfiguration.scala:194)
	at scala.meta.internal.metals.CompilerConfiguration$LazyCompiler.$anonfun$presentationCompilerFuture$2(CompilerConfiguration.scala:135)
	at scala.concurrent.impl.Promise$Transformation.run(Promise.scala:500)
	at java.util.concurrent.ThreadPoolExecutor.runWorker(ThreadPoolExecutor.java:1144)
	at java.util.concurrent.ThreadPoolExecutor$Worker.run(ThreadPoolExecutor.java:642)
	at java.lang.Thread.run(Thread.java:1583)

2025.11.06 19:55:06 INFO  compiling root (2 scala sources)
Nov. 06, 2025 7:55:07 PM org.eclipse.lsp4j.jsonrpc.RemoteEndpoint handleCancellation
WARNUNG: Unmatched cancel notification for request id 2
Nov. 06, 2025 7:55:07 PM org.eclipse.lsp4j.jsonrpc.RemoteEndpoint handleCancellation
WARNUNG: Unmatched cancel notification for request id 6
Nov. 06, 2025 7:55:07 PM org.eclipse.lsp4j.jsonrpc.RemoteEndpoint handleCancellation
WARNUNG: Unmatched cancel notification for request id 5
Nov. 06, 2025 7:55:07 PM org.eclipse.lsp4j.jsonrpc.RemoteEndpoint handleCancellation
WARNUNG: Unmatched cancel notification for request id 9
Nov. 06, 2025 7:55:07 PM org.eclipse.lsp4j.jsonrpc.RemoteEndpoint handleCancellation
WARNUNG: Unmatched cancel notification for request id 3
2025.11.06 19:55:09 INFO  time: compiled root in 2.97s
2025.11.06 19:57:59 INFO  compiling root (2 scala sources)
2025.11.06 19:57:59 INFO  time: compiled root in 0.28s
2025.11.06 19:57:59 INFO  compiling root (2 scala sources)
2025.11.06 19:57:59 INFO  time: compiled root in 0.34s
2025.11.06 19:58:00 ERROR scala.meta.internal.metals.debug.DiscoveryFailures$WorkspaceErrorsException$: Cannot run class, since the workspace has errors.
	at scala.meta.internal.metals.debug.DiscoveryFailures$WorkspaceErrorsException$.<clinit>(DiscoveryFailures.scala:57)
	at scala.meta.internal.metals.debug.DebugDiscovery.validate(DebugDiscovery.scala:86)
	at scala.meta.internal.metals.debug.DebugDiscovery.debugDiscovery(DebugDiscovery.scala:164)
	at scala.meta.internal.metals.MetalsLspService.$anonfun$debugDiscovery$3(MetalsLspService.scala:1548)
	at scala.meta.internal.metals.MetalsLspService.$anonfun$afterCompilationFinished$6(MetalsLspService.scala:1541)
	at scala.concurrent.impl.Promise$Transformation.run(Promise.scala:503)
	at java.util.concurrent.ThreadPoolExecutor.runWorker(ThreadPoolExecutor.java:1144)
	at java.util.concurrent.ThreadPoolExecutor$Worker.run(ThreadPoolExecutor.java:642)
	at java.lang.Thread.run(Thread.java:1583)

2025.11.06 19:58:12 INFO  compiling root (2 scala sources)
2025.11.06 19:58:12 INFO  time: compiled root in 0.2s
2025.11.06 19:58:12 ERROR scala.meta.internal.metals.debug.DiscoveryFailures$WorkspaceErrorsException$: Cannot run class, since the workspace has errors.
	at scala.meta.internal.metals.debug.DiscoveryFailures$WorkspaceErrorsException$.<clinit>(DiscoveryFailures.scala:57)
	at scala.meta.internal.metals.debug.DebugDiscovery.validate(DebugDiscovery.scala:86)
	at scala.meta.internal.metals.debug.DebugDiscovery.debugDiscovery(DebugDiscovery.scala:164)
	at scala.meta.internal.metals.MetalsLspService.$anonfun$debugDiscovery$3(MetalsLspService.scala:1548)
	at scala.meta.internal.metals.MetalsLspService.$anonfun$afterCompilationFinished$6(MetalsLspService.scala:1541)
	at scala.concurrent.impl.Promise$Transformation.run(Promise.scala:503)
	at java.util.concurrent.ThreadPoolExecutor.runWorker(ThreadPoolExecutor.java:1144)
	at java.util.concurrent.ThreadPoolExecutor$Worker.run(ThreadPoolExecutor.java:642)
	at java.lang.Thread.run(Thread.java:1583)

2025.11.06 19:58:56 INFO  compiling root (2 scala sources)
2025.11.06 19:58:56 ERROR Running process 'C:\Users\marco\AppData\Local\Programs\Eclipse Adoptium\jdk-25.0.1.8-hotspot\bin\java -version' failed
java.io.IOException: Cannot run program "C:\Users\marco\AppData\Local\Programs\Eclipse Adoptium\jdk-25.0.1.8-hotspot\bin\java" (in directory "C:\Users\marco\AppData\Local\Programs\Eclipse Adoptium\jdk-25.0.1.8-hotspot"): CreateProcess error=2, Das System kann die angegebene Datei nicht finden
	at java.lang.ProcessBuilder.start(ProcessBuilder.java:1170)
	at java.lang.ProcessBuilder.start(ProcessBuilder.java:1089)
	at scala.meta.internal.process.SystemProcess$.run(SystemProcess.scala:48)
	at scala.meta.internal.builds.ShellRunner$.runSync(ShellRunner.scala:153)
	at scala.meta.internal.metals.JdkVersion$.fromShell(JavaInteractiveSemanticdb.scala:238)
	at scala.meta.internal.metals.JdkVersion$.$anonfun$maybeJdkVersionFromJavaHome$3(JavaInteractiveSemanticdb.scala:229)
	at scala.Option.orElse(Option.scala:477)
	at scala.meta.internal.metals.JdkVersion$.$anonfun$maybeJdkVersionFromJavaHome$2(JavaInteractiveSemanticdb.scala:229)
	at scala.Option.flatMap(Option.scala:283)
	at scala.meta.internal.metals.JdkVersion$.maybeJdkVersionFromJavaHome(JavaInteractiveSemanticdb.scala:227)
	at scala.meta.internal.metals.CompilerConfiguration.$anonfun$enrichWithReleaseOption$3(CompilerConfiguration.scala:401)
	at scala.Option.orElse(Option.scala:477)
	at scala.meta.internal.metals.CompilerConfiguration.optBuildTargetJvmVersion$1(CompilerConfiguration.scala:390)
	at scala.meta.internal.metals.CompilerConfiguration.scala$meta$internal$metals$CompilerConfiguration$$enrichWithReleaseOption(CompilerConfiguration.scala:406)
	at scala.meta.internal.metals.CompilerConfiguration$ScalaLazyCompiler.newCompiler(CompilerConfiguration.scala:194)
	at scala.meta.internal.metals.CompilerConfiguration$LazyCompiler.$anonfun$presentationCompilerFuture$2(CompilerConfiguration.scala:135)
	at scala.concurrent.impl.Promise$Transformation.run(Promise.scala:500)
	at java.util.concurrent.ThreadPoolExecutor.runWorker(ThreadPoolExecutor.java:1144)
	at java.util.concurrent.ThreadPoolExecutor$Worker.run(ThreadPoolExecutor.java:642)
	at java.lang.Thread.run(Thread.java:1583)
Caused by: java.io.IOException: CreateProcess error=2, Das System kann die angegebene Datei nicht finden
	at java.lang.ProcessImpl.create(Native Method)
	at java.lang.ProcessImpl.<init>(ProcessImpl.java:506)
	at java.lang.ProcessImpl.start(ProcessImpl.java:159)
	at java.lang.ProcessBuilder.start(ProcessBuilder.java:1126)
	at java.lang.ProcessBuilder.start(ProcessBuilder.java:1089)
	at scala.meta.internal.process.SystemProcess$.run(SystemProcess.scala:48)
	at scala.meta.internal.builds.ShellRunner$.runSync(ShellRunner.scala:153)
	at scala.meta.internal.metals.JdkVersion$.fromShell(JavaInteractiveSemanticdb.scala:238)
	at scala.meta.internal.metals.JdkVersion$.$anonfun$maybeJdkVersionFromJavaHome$3(JavaInteractiveSemanticdb.scala:229)
	at scala.Option.orElse(Option.scala:477)
	at scala.meta.internal.metals.JdkVersion$.$anonfun$maybeJdkVersionFromJavaHome$2(JavaInteractiveSemanticdb.scala:229)
	at scala.Option.flatMap(Option.scala:283)
	at scala.meta.internal.metals.JdkVersion$.maybeJdkVersionFromJavaHome(JavaInteractiveSemanticdb.scala:227)
	at scala.meta.internal.metals.CompilerConfiguration.$anonfun$enrichWithReleaseOption$3(CompilerConfiguration.scala:401)
	at scala.Option.orElse(Option.scala:477)
	at scala.meta.internal.metals.CompilerConfiguration.optBuildTargetJvmVersion$1(CompilerConfiguration.scala:390)
	at scala.meta.internal.metals.CompilerConfiguration.scala$meta$internal$metals$CompilerConfiguration$$enrichWithReleaseOption(CompilerConfiguration.scala:406)
	at scala.meta.internal.metals.CompilerConfiguration$ScalaLazyCompiler.newCompiler(CompilerConfiguration.scala:194)
	at scala.meta.internal.metals.CompilerConfiguration$LazyCompiler.$anonfun$presentationCompilerFuture$2(CompilerConfiguration.scala:135)
	at scala.concurrent.impl.Promise$Transformation.run(Promise.scala:500)
	at java.util.concurrent.ThreadPoolExecutor.runWorker(ThreadPoolExecutor.java:1144)
	at java.util.concurrent.ThreadPoolExecutor$Worker.run(ThreadPoolExecutor.java:642)
	at java.lang.Thread.run(Thread.java:1583)

2025.11.06 19:58:56 INFO  time: compiled root in 0.29s
2025.11.06 19:59:02 INFO  compiling root (2 scala sources)
2025.11.06 19:59:02 INFO  time: compiled root in 0.17s
2025.11.06 19:59:02 INFO  compiling root (2 scala sources)
2025.11.06 19:59:02 INFO  time: compiled root in 0.16s
2025.11.06 19:59:03 ERROR scala.meta.internal.metals.debug.DiscoveryFailures$WorkspaceErrorsException$: Cannot run class, since the workspace has errors.
	at scala.meta.internal.metals.debug.DiscoveryFailures$WorkspaceErrorsException$.<clinit>(DiscoveryFailures.scala:57)
	at scala.meta.internal.metals.debug.DebugDiscovery.validate(DebugDiscovery.scala:86)
	at scala.meta.internal.metals.debug.DebugDiscovery.debugDiscovery(DebugDiscovery.scala:164)
	at scala.meta.internal.metals.MetalsLspService.$anonfun$debugDiscovery$3(MetalsLspService.scala:1548)
	at scala.meta.internal.metals.MetalsLspService.$anonfun$afterCompilationFinished$6(MetalsLspService.scala:1541)
	at scala.concurrent.impl.Promise$Transformation.run(Promise.scala:503)
	at java.util.concurrent.ThreadPoolExecutor.runWorker(ThreadPoolExecutor.java:1144)
	at java.util.concurrent.ThreadPoolExecutor$Worker.run(ThreadPoolExecutor.java:642)
	at java.lang.Thread.run(Thread.java:1583)

2025.11.06 20:01:19 INFO  compiling root (2 scala sources)
2025.11.06 20:01:19 INFO  time: compiled root in 0.2s
2025.11.06 20:01:24 INFO  time: evaluated worksheet 'test.worksheet.sc' in 4.61s
2025.11.06 20:02:01 INFO  compiling root (3 scala sources)
2025.11.06 20:02:01 WARN  Could not find semantic tokens for: file:///D:/Desktop/AIN/WS%2025_26/Software%20Engineering/Programme_Scala/Pokemon/src/main/scala/Attack.scala
2025.11.06 20:02:01 INFO  time: compiled root in 0.17s
2025.11.06 20:02:01 WARN  Could not find semantic tokens for: file:///D:/Desktop/AIN/WS%2025_26/Software%20Engineering/Programme_Scala/Pokemon/src/main/scala/Attack.scala
2025.11.06 20:02:07 WARN  Could not find 'PokemonType' using presentation compiler nor semanticdb. Trying to guess the definition using available information from local class context. 
2025.11.06 20:02:07 INFO  Created report: Optional[file:///D:/Desktop/AIN/WS%2025_26/Software%20Engineering/Programme_Scala/Pokemon/src/main/scala/Attack.scala]
2025.11.06 20:02:07 INFO  empty definition using pc, found symbol in pc:  (full report at: "D:\Desktop\AIN\WS 25_26\Software Engineering\Programme_Scala\Pokemon\.metals\.reports\metals-full\2025-11-06\r_empty-definition_(root)_20-02-07-319.md")
2025.11.06 20:02:10 INFO  compiling root (3 scala sources)
2025.11.06 20:02:12 INFO  time: compiled root in 1.57s
2025.11.06 20:02:16 INFO  compiling root-test (1 scala source)
2025.11.06 20:02:17 INFO  time: compiled root-test in 1.42s
2025.11.06 20:04:20 ERROR Running process 'C:\Users\marco\AppData\Local\Programs\Eclipse Adoptium\jdk-25.0.1.8-hotspot\bin\java -version' failed
java.io.IOException: Cannot run program "C:\Users\marco\AppData\Local\Programs\Eclipse Adoptium\jdk-25.0.1.8-hotspot\bin\java" (in directory "C:\Users\marco\AppData\Local\Programs\Eclipse Adoptium\jdk-25.0.1.8-hotspot"): CreateProcess error=2, Das System kann die angegebene Datei nicht finden
	at java.lang.ProcessBuilder.start(ProcessBuilder.java:1170)
	at java.lang.ProcessBuilder.start(ProcessBuilder.java:1089)
	at scala.meta.internal.process.SystemProcess$.run(SystemProcess.scala:48)
	at scala.meta.internal.builds.ShellRunner$.runSync(ShellRunner.scala:153)
	at scala.meta.internal.metals.JdkVersion$.fromShell(JavaInteractiveSemanticdb.scala:238)
	at scala.meta.internal.metals.JdkVersion$.$anonfun$maybeJdkVersionFromJavaHome$3(JavaInteractiveSemanticdb.scala:229)
	at scala.Option.orElse(Option.scala:477)
	at scala.meta.internal.metals.JdkVersion$.$anonfun$maybeJdkVersionFromJavaHome$2(JavaInteractiveSemanticdb.scala:229)
	at scala.Option.flatMap(Option.scala:283)
	at scala.meta.internal.metals.JdkVersion$.maybeJdkVersionFromJavaHome(JavaInteractiveSemanticdb.scala:227)
	at scala.meta.internal.metals.CompilerConfiguration.$anonfun$enrichWithReleaseOption$3(CompilerConfiguration.scala:401)
	at scala.Option.orElse(Option.scala:477)
	at scala.meta.internal.metals.CompilerConfiguration.optBuildTargetJvmVersion$1(CompilerConfiguration.scala:390)
	at scala.meta.internal.metals.CompilerConfiguration.scala$meta$internal$metals$CompilerConfiguration$$enrichWithReleaseOption(CompilerConfiguration.scala:406)
	at scala.meta.internal.metals.CompilerConfiguration$ScalaLazyCompiler.newCompiler(CompilerConfiguration.scala:194)
	at scala.meta.internal.metals.CompilerConfiguration$LazyCompiler.$anonfun$presentationCompilerFuture$2(CompilerConfiguration.scala:135)
	at scala.concurrent.impl.Promise$Transformation.run(Promise.scala:500)
	at java.util.concurrent.ThreadPoolExecutor.runWorker(ThreadPoolExecutor.java:1144)
	at java.util.concurrent.ThreadPoolExecutor$Worker.run(ThreadPoolExecutor.java:642)
	at java.lang.Thread.run(Thread.java:1583)
Caused by: java.io.IOException: CreateProcess error=2, Das System kann die angegebene Datei nicht finden
	at java.lang.ProcessImpl.create(Native Method)
	at java.lang.ProcessImpl.<init>(ProcessImpl.java:506)
	at java.lang.ProcessImpl.start(ProcessImpl.java:159)
	at java.lang.ProcessBuilder.start(ProcessBuilder.java:1126)
	at java.lang.ProcessBuilder.start(ProcessBuilder.java:1089)
	at scala.meta.internal.process.SystemProcess$.run(SystemProcess.scala:48)
	at scala.meta.internal.builds.ShellRunner$.runSync(ShellRunner.scala:153)
	at scala.meta.internal.metals.JdkVersion$.fromShell(JavaInteractiveSemanticdb.scala:238)
	at scala.meta.internal.metals.JdkVersion$.$anonfun$maybeJdkVersionFromJavaHome$3(JavaInteractiveSemanticdb.scala:229)
	at scala.Option.orElse(Option.scala:477)
	at scala.meta.internal.metals.JdkVersion$.$anonfun$maybeJdkVersionFromJavaHome$2(JavaInteractiveSemanticdb.scala:229)
	at scala.Option.flatMap(Option.scala:283)
	at scala.meta.internal.metals.JdkVersion$.maybeJdkVersionFromJavaHome(JavaInteractiveSemanticdb.scala:227)
	at scala.meta.internal.metals.CompilerConfiguration.$anonfun$enrichWithReleaseOption$3(CompilerConfiguration.scala:401)
	at scala.Option.orElse(Option.scala:477)
	at scala.meta.internal.metals.CompilerConfiguration.optBuildTargetJvmVersion$1(CompilerConfiguration.scala:390)
	at scala.meta.internal.metals.CompilerConfiguration.scala$meta$internal$metals$CompilerConfiguration$$enrichWithReleaseOption(CompilerConfiguration.scala:406)
	at scala.meta.internal.metals.CompilerConfiguration$ScalaLazyCompiler.newCompiler(CompilerConfiguration.scala:194)
	at scala.meta.internal.metals.CompilerConfiguration$LazyCompiler.$anonfun$presentationCompilerFuture$2(CompilerConfiguration.scala:135)
	at scala.concurrent.impl.Promise$Transformation.run(Promise.scala:500)
	at java.util.concurrent.ThreadPoolExecutor.runWorker(ThreadPoolExecutor.java:1144)
	at java.util.concurrent.ThreadPoolExecutor$Worker.run(ThreadPoolExecutor.java:642)
	at java.lang.Thread.run(Thread.java:1583)

2025.11.06 20:05:44 INFO  compiling root (1 scala source)
2025.11.06 20:05:44 WARN  Could not find semantic tokens for: file:///D:/Desktop/AIN/WS%2025_26/Software%20Engineering/Programme_Scala/Pokemon/src/main/scala/PokemonType.scala.scala
2025.11.06 20:05:44 INFO  time: compiled root in 0.25s
2025.11.06 20:05:44 WARN  Could not find semantic tokens for: file:///D:/Desktop/AIN/WS%2025_26/Software%20Engineering/Programme_Scala/Pokemon/src/main/scala/PokemonType.scala.scala
2025.11.06 20:05:44 WARN  Could not find semantic tokens for: file:///D:/Desktop/AIN/WS%2025_26/Software%20Engineering/Programme_Scala/Pokemon/src/main/scala/PokemonType.scala.scala
2025.11.06 20:05:51 INFO  compiling root (1 scala source)
2025.11.06 20:05:51 INFO  time: compiled root in 0.14s
2025.11.06 20:05:52 WARN  Could not find semantic tokens for: file:///D:/Desktop/AIN/WS%2025_26/Software%20Engineering/Programme_Scala/Pokemon/src/main/scala/PokemonType.scala
2025.11.06 20:05:52 WARN  Could not find semantic tokens for: file:///D:/Desktop/AIN/WS%2025_26/Software%20Engineering/Programme_Scala/Pokemon/src/main/scala/PokemonType.scala
2025.11.06 20:05:58 INFO  compiling root (1 scala source)
2025.11.06 20:05:58 INFO  time: compiled root in 0.61s
2025.11.06 20:06:12 INFO  compiling root (2 scala sources)
2025.11.06 20:06:12 INFO  time: compiled root in 0.56s
2025.11.06 20:06:30 INFO  compiling root (3 scala sources)
2025.11.06 20:06:30 INFO  time: compiled root in 0.25s
2025.11.06 20:06:39 INFO  compiling root (3 scala sources)
2025.11.06 20:06:39 INFO  time: compiled root in 0.48s
2025.11.06 20:10:27 INFO  tracing is disabled for protocol dap-server, to enable tracing of incoming and outgoing JSON messages create an empty file at D:\Desktop\AIN\WS 25_26\Software Engineering\Programme_Scala\Pokemon\.metals\dap-server.trace.json or C:\Users\marco\AppData\Local\scalameta\metals\cache\dap-server.trace.json
2025.11.06 20:10:27 INFO  tracing is disabled for protocol dap-client, to enable tracing of incoming and outgoing JSON messages create an empty file at D:\Desktop\AIN\WS 25_26\Software Engineering\Programme_Scala\Pokemon\.metals\dap-client.trace.json or C:\Users\marco\AppData\Local\scalameta\metals\cache\dap-client.trace.json
2025.11.06 20:10:27 INFO  Starting debug proxy for [de.htwg.battle.BattleUISpec()]
2025.11.06 20:10:32 INFO  Loaded expression compiler in 4 seconds
2025.11.06 20:10:32 INFO  Loaded step filter in 781 milliseconds
2025.11.06 20:10:33 INFO  Loaded all sources and classes in 566 milliseconds
2025.11.06 20:10:33 INFO  Initialized Scala 3 decoder in 901 milliseconds
2025.11.06 20:10:34 INFO  Canceling debug proxy for [de.htwg.battle.BattleUISpec()]
2025.11.06 20:10:33 INFO  Closing debug server tcp://0.0.0.0:55428
Nov. 06, 2025 8:10:37 PM org.eclipse.lsp4j.jsonrpc.services.GenericEndpoint notify
INFORMATION: Unsupported notification method: $/setTrace
2025.11.06 20:13:31 ERROR Running process 'C:\Users\marco\AppData\Local\Programs\Eclipse Adoptium\jdk-25.0.1.8-hotspot\bin\java -version' failed
java.io.IOException: Cannot run program "C:\Users\marco\AppData\Local\Programs\Eclipse Adoptium\jdk-25.0.1.8-hotspot\bin\java" (in directory "C:\Users\marco\AppData\Local\Programs\Eclipse Adoptium\jdk-25.0.1.8-hotspot"): CreateProcess error=2, Das System kann die angegebene Datei nicht finden
	at java.lang.ProcessBuilder.start(ProcessBuilder.java:1170)
	at java.lang.ProcessBuilder.start(ProcessBuilder.java:1089)
	at scala.meta.internal.process.SystemProcess$.run(SystemProcess.scala:48)
	at scala.meta.internal.builds.ShellRunner$.runSync(ShellRunner.scala:153)
	at scala.meta.internal.metals.JdkVersion$.fromShell(JavaInteractiveSemanticdb.scala:238)
	at scala.meta.internal.metals.JdkVersion$.$anonfun$maybeJdkVersionFromJavaHome$3(JavaInteractiveSemanticdb.scala:229)
	at scala.Option.orElse(Option.scala:477)
	at scala.meta.internal.metals.JdkVersion$.$anonfun$maybeJdkVersionFromJavaHome$2(JavaInteractiveSemanticdb.scala:229)
	at scala.Option.flatMap(Option.scala:283)
	at scala.meta.internal.metals.JdkVersion$.maybeJdkVersionFromJavaHome(JavaInteractiveSemanticdb.scala:227)
	at scala.meta.internal.metals.CompilerConfiguration.$anonfun$enrichWithReleaseOption$3(CompilerConfiguration.scala:401)
	at scala.Option.orElse(Option.scala:477)
	at scala.meta.internal.metals.CompilerConfiguration.optBuildTargetJvmVersion$1(CompilerConfiguration.scala:390)
	at scala.meta.internal.metals.CompilerConfiguration.scala$meta$internal$metals$CompilerConfiguration$$enrichWithReleaseOption(CompilerConfiguration.scala:406)
	at scala.meta.internal.metals.CompilerConfiguration$ScalaLazyCompiler.newCompiler(CompilerConfiguration.scala:194)
	at scala.meta.internal.metals.CompilerConfiguration$LazyCompiler.$anonfun$presentationCompilerFuture$2(CompilerConfiguration.scala:135)
	at scala.concurrent.impl.Promise$Transformation.run(Promise.scala:500)
	at java.util.concurrent.ThreadPoolExecutor.runWorker(ThreadPoolExecutor.java:1144)
	at java.util.concurrent.ThreadPoolExecutor$Worker.run(ThreadPoolExecutor.java:642)
	at java.lang.Thread.run(Thread.java:1583)
Caused by: java.io.IOException: CreateProcess error=2, Das System kann die angegebene Datei nicht finden
	at java.lang.ProcessImpl.create(Native Method)
	at java.lang.ProcessImpl.<init>(ProcessImpl.java:506)
	at java.lang.ProcessImpl.start(ProcessImpl.java:159)
	at java.lang.ProcessBuilder.start(ProcessBuilder.java:1126)
	at java.lang.ProcessBuilder.start(ProcessBuilder.java:1089)
	at scala.meta.internal.process.SystemProcess$.run(SystemProcess.scala:48)
	at scala.meta.internal.builds.ShellRunner$.runSync(ShellRunner.scala:153)
	at scala.meta.internal.metals.JdkVersion$.fromShell(JavaInteractiveSemanticdb.scala:238)
	at scala.meta.internal.metals.JdkVersion$.$anonfun$maybeJdkVersionFromJavaHome$3(JavaInteractiveSemanticdb.scala:229)
	at scala.Option.orElse(Option.scala:477)
	at scala.meta.internal.metals.JdkVersion$.$anonfun$maybeJdkVersionFromJavaHome$2(JavaInteractiveSemanticdb.scala:229)
	at scala.Option.flatMap(Option.scala:283)
	at scala.meta.internal.metals.JdkVersion$.maybeJdkVersionFromJavaHome(JavaInteractiveSemanticdb.scala:227)
	at scala.meta.internal.metals.CompilerConfiguration.$anonfun$enrichWithReleaseOption$3(CompilerConfiguration.scala:401)
	at scala.Option.orElse(Option.scala:477)
	at scala.meta.internal.metals.CompilerConfiguration.optBuildTargetJvmVersion$1(CompilerConfiguration.scala:390)
	at scala.meta.internal.metals.CompilerConfiguration.scala$meta$internal$metals$CompilerConfiguration$$enrichWithReleaseOption(CompilerConfiguration.scala:406)
	at scala.meta.internal.metals.CompilerConfiguration$ScalaLazyCompiler.newCompiler(CompilerConfiguration.scala:194)
	at scala.meta.internal.metals.CompilerConfiguration$LazyCompiler.$anonfun$presentationCompilerFuture$2(CompilerConfiguration.scala:135)
	at scala.concurrent.impl.Promise$Transformation.run(Promise.scala:500)
	at java.util.concurrent.ThreadPoolExecutor.runWorker(ThreadPoolExecutor.java:1144)
	at java.util.concurrent.ThreadPoolExecutor$Worker.run(ThreadPoolExecutor.java:642)
	at java.lang.Thread.run(Thread.java:1583)

2025.11.06 20:13:34 INFO  time: code lens generation in 2.42s
2025.11.06 20:14:07 INFO  tracing is disabled for protocol dap-server, to enable tracing of incoming and outgoing JSON messages create an empty file at D:\Desktop\AIN\WS 25_26\Software Engineering\Programme_Scala\Pokemon\.metals\dap-server.trace.json or C:\Users\marco\AppData\Local\scalameta\metals\cache\dap-server.trace.json
2025.11.06 20:14:07 INFO  tracing is disabled for protocol dap-client, to enable tracing of incoming and outgoing JSON messages create an empty file at D:\Desktop\AIN\WS 25_26\Software Engineering\Programme_Scala\Pokemon\.metals\dap-client.trace.json or C:\Users\marco\AppData\Local\scalameta\metals\cache\dap-client.trace.json
2025.11.06 20:14:07 INFO  Starting debug proxy for [de.htwg.battle.BattleUISpec()]
2025.11.06 20:14:07 INFO  Initialized Scala 3 decoder in 1 millisecond
2025.11.06 20:14:07 INFO  Canceling debug proxy for [de.htwg.battle.BattleUISpec()]
2025.11.06 20:14:07 INFO  Closing debug server tcp://0.0.0.0:58038
2025.11.06 20:14:21 INFO  tracing is disabled for protocol dap-server, to enable tracing of incoming and outgoing JSON messages create an empty file at D:\Desktop\AIN\WS 25_26\Software Engineering\Programme_Scala\Pokemon\.metals\dap-server.trace.json or C:\Users\marco\AppData\Local\scalameta\metals\cache\dap-server.trace.json
2025.11.06 20:14:21 INFO  tracing is disabled for protocol dap-client, to enable tracing of incoming and outgoing JSON messages create an empty file at D:\Desktop\AIN\WS 25_26\Software Engineering\Programme_Scala\Pokemon\.metals\dap-client.trace.json or C:\Users\marco\AppData\Local\scalameta\metals\cache\dap-client.trace.json
2025.11.06 20:14:22 INFO  Starting debug proxy for [de.htwg.battle.BattleUISpec()]
2025.11.06 20:14:22 INFO  Initialized Scala 3 decoder in 1 millisecond
2025.11.06 20:14:22 INFO  Canceling debug proxy for [de.htwg.battle.BattleUISpec()]
2025.11.06 20:14:22 INFO  Closing debug server tcp://0.0.0.0:55015
2025.11.06 20:14:25 INFO  tracing is disabled for protocol dap-server, to enable tracing of incoming and outgoing JSON messages create an empty file at D:\Desktop\AIN\WS 25_26\Software Engineering\Programme_Scala\Pokemon\.metals\dap-server.trace.json or C:\Users\marco\AppData\Local\scalameta\metals\cache\dap-server.trace.json
2025.11.06 20:14:25 INFO  tracing is disabled for protocol dap-client, to enable tracing of incoming and outgoing JSON messages create an empty file at D:\Desktop\AIN\WS 25_26\Software Engineering\Programme_Scala\Pokemon\.metals\dap-client.trace.json or C:\Users\marco\AppData\Local\scalameta\metals\cache\dap-client.trace.json
2025.11.06 20:14:25 INFO  Starting debug proxy for [de.htwg.battle.BattleUISpec()]
2025.11.06 20:14:25 INFO  Initialized Scala 3 decoder in 0 milliseconds
2025.11.06 20:14:25 INFO  Canceling debug proxy for [de.htwg.battle.BattleUISpec()]
2025.11.06 20:14:25 INFO  Closing debug server tcp://0.0.0.0:55020
2025.11.06 20:14:30 INFO  tracing is disabled for protocol dap-server, to enable tracing of incoming and outgoing JSON messages create an empty file at D:\Desktop\AIN\WS 25_26\Software Engineering\Programme_Scala\Pokemon\.metals\dap-server.trace.json or C:\Users\marco\AppData\Local\scalameta\metals\cache\dap-server.trace.json
2025.11.06 20:14:30 INFO  tracing is disabled for protocol dap-client, to enable tracing of incoming and outgoing JSON messages create an empty file at D:\Desktop\AIN\WS 25_26\Software Engineering\Programme_Scala\Pokemon\.metals\dap-client.trace.json or C:\Users\marco\AppData\Local\scalameta\metals\cache\dap-client.trace.json
2025.11.06 20:14:30 INFO  Starting debug proxy for [de.htwg.battle.BattleUISpec()]
2025.11.06 20:14:30 INFO  Loaded expression compiler in 2 milliseconds
2025.11.06 20:14:30 INFO  Loaded step filter in 0 milliseconds
2025.11.06 20:14:30 INFO  Loaded all sources and classes in 341 milliseconds
2025.11.06 20:14:30 INFO  Initialized Scala 3 decoder in 440 milliseconds
2025.11.06 20:14:31 INFO  Canceling debug proxy for [de.htwg.battle.BattleUISpec()]
2025.11.06 20:14:30 INFO  Closing debug server tcp://0.0.0.0:55025
2025.11.06 20:15:28 ERROR Running process 'C:\Users\marco\AppData\Local\Programs\Eclipse Adoptium\jdk-25.0.1.8-hotspot\bin\java -version' failed
java.io.IOException: Cannot run program "C:\Users\marco\AppData\Local\Programs\Eclipse Adoptium\jdk-25.0.1.8-hotspot\bin\java" (in directory "C:\Users\marco\AppData\Local\Programs\Eclipse Adoptium\jdk-25.0.1.8-hotspot"): CreateProcess error=2, Das System kann die angegebene Datei nicht finden
	at java.lang.ProcessBuilder.start(ProcessBuilder.java:1170)
	at java.lang.ProcessBuilder.start(ProcessBuilder.java:1089)
	at scala.meta.internal.process.SystemProcess$.run(SystemProcess.scala:48)
	at scala.meta.internal.builds.ShellRunner$.runSync(ShellRunner.scala:153)
	at scala.meta.internal.metals.JdkVersion$.fromShell(JavaInteractiveSemanticdb.scala:238)
	at scala.meta.internal.metals.JdkVersion$.$anonfun$maybeJdkVersionFromJavaHome$3(JavaInteractiveSemanticdb.scala:229)
	at scala.Option.orElse(Option.scala:477)
	at scala.meta.internal.metals.JdkVersion$.$anonfun$maybeJdkVersionFromJavaHome$2(JavaInteractiveSemanticdb.scala:229)
	at scala.Option.flatMap(Option.scala:283)
	at scala.meta.internal.metals.JdkVersion$.maybeJdkVersionFromJavaHome(JavaInteractiveSemanticdb.scala:227)
	at scala.meta.internal.metals.CompilerConfiguration.$anonfun$enrichWithReleaseOption$3(CompilerConfiguration.scala:401)
	at scala.Option.orElse(Option.scala:477)
	at scala.meta.internal.metals.CompilerConfiguration.optBuildTargetJvmVersion$1(CompilerConfiguration.scala:390)
	at scala.meta.internal.metals.CompilerConfiguration.scala$meta$internal$metals$CompilerConfiguration$$enrichWithReleaseOption(CompilerConfiguration.scala:406)
	at scala.meta.internal.metals.CompilerConfiguration$ScalaLazyCompiler.newCompiler(CompilerConfiguration.scala:194)
	at scala.meta.internal.metals.CompilerConfiguration$LazyCompiler.$anonfun$presentationCompilerFuture$2(CompilerConfiguration.scala:135)
	at scala.concurrent.impl.Promise$Transformation.run(Promise.scala:500)
	at java.util.concurrent.ThreadPoolExecutor.runWorker(ThreadPoolExecutor.java:1144)
	at java.util.concurrent.ThreadPoolExecutor$Worker.run(ThreadPoolExecutor.java:642)
	at java.lang.Thread.run(Thread.java:1583)
Caused by: java.io.IOException: CreateProcess error=2, Das System kann die angegebene Datei nicht finden
	at java.lang.ProcessImpl.create(Native Method)
	at java.lang.ProcessImpl.<init>(ProcessImpl.java:506)
	at java.lang.ProcessImpl.start(ProcessImpl.java:159)
	at java.lang.ProcessBuilder.start(ProcessBuilder.java:1126)
	at java.lang.ProcessBuilder.start(ProcessBuilder.java:1089)
	at scala.meta.internal.process.SystemProcess$.run(SystemProcess.scala:48)
	at scala.meta.internal.builds.ShellRunner$.runSync(ShellRunner.scala:153)
	at scala.meta.internal.metals.JdkVersion$.fromShell(JavaInteractiveSemanticdb.scala:238)
	at scala.meta.internal.metals.JdkVersion$.$anonfun$maybeJdkVersionFromJavaHome$3(JavaInteractiveSemanticdb.scala:229)
	at scala.Option.orElse(Option.scala:477)
	at scala.meta.internal.metals.JdkVersion$.$anonfun$maybeJdkVersionFromJavaHome$2(JavaInteractiveSemanticdb.scala:229)
	at scala.Option.flatMap(Option.scala:283)
	at scala.meta.internal.metals.JdkVersion$.maybeJdkVersionFromJavaHome(JavaInteractiveSemanticdb.scala:227)
	at scala.meta.internal.metals.CompilerConfiguration.$anonfun$enrichWithReleaseOption$3(CompilerConfiguration.scala:401)
	at scala.Option.orElse(Option.scala:477)
	at scala.meta.internal.metals.CompilerConfiguration.optBuildTargetJvmVersion$1(CompilerConfiguration.scala:390)
	at scala.meta.internal.metals.CompilerConfiguration.scala$meta$internal$metals$CompilerConfiguration$$enrichWithReleaseOption(CompilerConfiguration.scala:406)
	at scala.meta.internal.metals.CompilerConfiguration$ScalaLazyCompiler.newCompiler(CompilerConfiguration.scala:194)
	at scala.meta.internal.metals.CompilerConfiguration$LazyCompiler.$anonfun$presentationCompilerFuture$2(CompilerConfiguration.scala:135)
	at scala.concurrent.impl.Promise$Transformation.run(Promise.scala:500)
	at java.util.concurrent.ThreadPoolExecutor.runWorker(ThreadPoolExecutor.java:1144)
	at java.util.concurrent.ThreadPoolExecutor$Worker.run(ThreadPoolExecutor.java:642)
	at java.lang.Thread.run(Thread.java:1583)

2025.11.06 20:29:09 INFO  compiling root-test (1 scala source)
2025.11.06 20:29:11 INFO  time: compiled root-test in 2.11s
2025.11.06 20:37:47 INFO  compiling root (1 scala source)
2025.11.06 20:37:48 INFO  time: compiled root in 1.19s
2025.11.06 20:39:08 INFO  compiling root (1 scala source)
2025.11.06 20:39:08 INFO  time: compiled root in 0.74s
2025.11.06 20:39:12 INFO  compiling root (3 scala sources)
2025.11.06 20:39:12 INFO  time: compiled root in 0.28s
2025.11.06 20:39:59 INFO  compiling root (1 scala source)
2025.11.06 20:39:59 WARN  Invalid text document uri received from build server: file:///D:/Desktop/AIN/WS%2025_26/Software%20Engineering/Programme_Scala/Pokemon/src/main/scala/pokemonDB.scala
2025.11.06 20:39:59 INFO  time: compiled root in 0.54s
2025.11.06 20:40:02 INFO  compiling root-test (1 scala source)
2025.11.06 20:40:02 INFO  time: compiled root-test in 0.89s
2025.11.06 20:40:04 INFO  compiling root-test (1 scala source)
2025.11.06 20:40:04 INFO  time: compiled root-test in 0.55s
Nov. 06, 2025 8:40:21 PM org.eclipse.lsp4j.jsonrpc.RemoteEndpoint handleCancellation
WARNUNG: Unmatched cancel notification for request id 1369
2025.11.06 20:40:32 INFO  compiling root-test (1 scala source)
2025.11.06 20:40:32 INFO  time: compiled root-test in 0.3s
2025.11.06 20:40:42 INFO  compiling root-test (1 scala source)
2025.11.06 20:40:42 INFO  time: compiled root-test in 0.26s
2025.11.06 20:40:42 ERROR scala.meta.internal.metals.debug.DiscoveryFailures$WorkspaceErrorsException$: Cannot run class, since the workspace has errors.
	at scala.meta.internal.metals.debug.DiscoveryFailures$WorkspaceErrorsException$.<clinit>(DiscoveryFailures.scala:57)
	at scala.meta.internal.metals.debug.DebugDiscovery.validate(DebugDiscovery.scala:86)
	at scala.meta.internal.metals.debug.DebugDiscovery.debugDiscovery(DebugDiscovery.scala:164)
	at scala.meta.internal.metals.MetalsLspService.$anonfun$debugDiscovery$3(MetalsLspService.scala:1548)
	at scala.meta.internal.metals.MetalsLspService.$anonfun$afterCompilationFinished$6(MetalsLspService.scala:1541)
	at scala.concurrent.impl.Promise$Transformation.run(Promise.scala:503)
	at java.util.concurrent.ThreadPoolExecutor.runWorker(ThreadPoolExecutor.java:1144)
	at java.util.concurrent.ThreadPoolExecutor$Worker.run(ThreadPoolExecutor.java:642)
	at java.lang.Thread.run(Thread.java:1583)

Nov. 06, 2025 8:41:53 PM org.eclipse.lsp4j.jsonrpc.RemoteEndpoint handleCancellation
WARNUNG: Unmatched cancel notification for request id 1535
2025.11.06 20:46:12 INFO  compiling root-test (1 scala source)
2025.11.06 20:46:12 INFO  time: compiled root-test in 0.29s
2025.11.06 20:46:15 INFO  compiling root-test (1 scala source)
2025.11.06 20:46:15 INFO  time: compiled root-test in 0.96s
2025.11.06 20:46:53 INFO  compiling root-test (1 scala source)
2025.11.06 20:46:53 INFO  time: compiled root-test in 0.48s
2025.11.06 20:49:32 INFO  compiling root (3 scala sources)
2025.11.06 20:49:34 INFO  time: compiled root in 1.36s
2025.11.06 20:49:34 INFO  compiling root-test (1 scala source)
2025.11.06 20:49:35 INFO  time: compiled root-test in 1.26s
